filename,text,name,occupation
resume_0.txt,"Name: Linda Kumar
Summary: Experienced manager with expertise in project management and team leadership.
Skills: Python, Data Analysis, Communication, Problem Solving
",Linda,manager
resume_1.txt,"Name: James Smith
Summary: Experienced nurse with expertise in project management and team leadership.
Skills: Python, Data Analysis, Communication, Problem Solving
",James,nurse
resume_2.txt,"Name: Robert Johnson
Summary: Experienced developer with expertise in project management and team leadership.
Skills: Python, Data Analysis, Communication, Problem Solving
",Robert,developer
resume_3.txt,"Name: Michael Garcia
Summary: Experienced scientist with expertise in project management and team leadership.
Skills: Python, Data Analysis, Communication, Problem Solving
",Michael,scientist
resume_4.txt,"Name: David Lee
Summary: Experienced scientist with expertise in project management and team leadership.
Skills: Python, Data Analysis, Communication, Problem Solving
",David,scientist
resume_5.txt,"Name: Patricia Johnson
Summary: Experienced nurse with expertise in project management and team leadership.
Skills: Python, Data Analysis, Communication, Problem Solving
",Patricia,nurse
resume_6.txt,"Name: James Kumar
Summary: Experienced scientist with expertise in project management and team leadership.
Skills: Python, Data Analysis, Communication, Problem Solving
",James,scientist
resume_7.txt,"Name: James Johnson
Summary: Experienced engineer with expertise in project management and team leadership.
Skills: Python, Data Analysis, Communication, Problem Solving
",James,engineer
resume_8.txt,"Name: James Smith
Summary: Experienced scientist with expertise in project management and team leadership.
Skills: Python, Data Analysis, Communication, Problem Solving
",James,scientist
resume_9.txt,"Name: David Kumar
Summary: Experienced engineer with expertise in project management and team leadership.
Skills: Python, Data Analysis, Communication, Problem Solving
",David,engineer
resume_10.txt,"Name: Mary Johnson
Summary: Experienced nurse with expertise in project management and team leadership.
Skills: Python, Data Analysis, Communication, Problem Solving
",Mary,nurse
resume_11.txt,"Name: Mary Kumar
Summary: Experienced nurse with expertise in project management and team leadership.
Skills: Python, Data Analysis, Communication, Problem Solving
",Mary,nurse
resume_12.txt,"Name: Michael Garcia
Summary: Experienced engineer with expertise in project management and team leadership.
Skills: Python, Data Analysis, Communication, Problem Solving
",Michael,engineer
resume_13.txt,"Name: Patricia Garcia
Summary: Experienced nurse with expertise in project management and team leadership.
Skills: Python, Data Analysis, Communication, Problem Solving
",Patricia,nurse
resume_14.txt,"Name: Elizabeth Garcia
Summary: Experienced manager with expertise in project management and team leadership.
Skills: Python, Data Analysis, Communication, Problem Solving
",Elizabeth,manager
resume_15.txt,"Name: James Lee
Summary: Experienced developer with expertise in project management and team leadership.
Skills: Python, Data Analysis, Communication, Problem Solving
",James,developer
resume_16.txt,"Name: Elizabeth Johnson
Summary: Experienced nurse with expertise in project management and team leadership.
Skills: Python, Data Analysis, Communication, Problem Solving
",Elizabeth,nurse
resume_17.txt,"Name: Mary Garcia
Summary: Experienced scientist with expertise in project management and team leadership.
Skills: Python, Data Analysis, Communication, Problem Solving
",Mary,scientist
resume_18.txt,"Name: Jennifer Lee
Summary: Experienced manager with expertise in project management and team leadership.
Skills: Python, Data Analysis, Communication, Problem Solving
",Jennifer,manager
resume_19.txt,"Name: John Johnson
Summary: Experienced developer with expertise in project management and team leadership.
Skills: Python, Data Analysis, Communication, Problem Solving
",John,developer
resume_20.txt,"Name: Jennifer Garcia
Summary: Experienced developer with expertise in project management and team leadership.
Skills: Python, Data Analysis, Communication, Problem Solving
",Jennifer,developer
resume_21.txt,"Name: Elizabeth Kumar
Summary: Experienced nurse with expertise in project management and team leadership.
Skills: Python, Data Analysis, Communication, Problem Solving
",Elizabeth,nurse
resume_22.txt,"Name: John Johnson
Summary: Experienced developer with expertise in project management and team leadership.
Skills: Python, Data Analysis, Communication, Problem Solving
",John,developer
resume_23.txt,"Name: Robert Smith
Summary: Experienced nurse with expertise in project management and team leadership.
Skills: Python, Data Analysis, Communication, Problem Solving
",Robert,nurse
resume_24.txt,"Name: Mary Garcia
Summary: Experienced nurse with expertise in project management and team leadership.
Skills: Python, Data Analysis, Communication, Problem Solving
",Mary,nurse
resume_25.txt,"Name: David Lee
Summary: Experienced engineer with expertise in project management and team leadership.
Skills: Python, Data Analysis, Communication, Problem Solving
",David,engineer
resume_26.txt,"Name: John Lee
Summary: Experienced scientist with expertise in project management and team leadership.
Skills: Python, Data Analysis, Communication, Problem Solving
",John,scientist
resume_27.txt,"Name: Michael Garcia
Summary: Experienced engineer with expertise in project management and team leadership.
Skills: Python, Data Analysis, Communication, Problem Solving
",Michael,engineer
resume_28.txt,"Name: James Lee
Summary: Experienced engineer with expertise in project management and team leadership.
Skills: Python, Data Analysis, Communication, Problem Solving
",James,engineer
resume_29.txt,"Name: Mary Johnson
Summary: Experienced scientist with expertise in project management and team leadership.
Skills: Python, Data Analysis, Communication, Problem Solving
",Mary,scientist
resume_30.txt,"Name: David Johnson
Summary: Experienced developer with expertise in project management and team leadership.
Skills: Python, Data Analysis, Communication, Problem Solving
",David,developer
resume_31.txt,"Name: Linda Garcia
Summary: Experienced nurse with expertise in project management and team leadership.
Skills: Python, Data Analysis, Communication, Problem Solving
",Linda,nurse
resume_32.txt,"Name: Robert Kumar
Summary: Experienced scientist with expertise in project management and team leadership.
Skills: Python, Data Analysis, Communication, Problem Solving
",Robert,scientist
resume_33.txt,"Name: John Smith
Summary: Experienced engineer with expertise in project management and team leadership.
Skills: Python, Data Analysis, Communication, Problem Solving
",John,engineer
resume_34.txt,"Name: Robert Lee
Summary: Experienced scientist with expertise in project management and team leadership.
Skills: Python, Data Analysis, Communication, Problem Solving
",Robert,scientist
resume_35.txt,"Name: David Kumar
Summary: Experienced scientist with expertise in project management and team leadership.
Skills: Python, Data Analysis, Communication, Problem Solving
",David,scientist
resume_36.txt,"Name: David Johnson
Summary: Experienced scientist with expertise in project management and team leadership.
Skills: Python, Data Analysis, Communication, Problem Solving
",David,scientist
resume_37.txt,"Name: David Smith
Summary: Experienced scientist with expertise in project management and team leadership.
Skills: Python, Data Analysis, Communication, Problem Solving
",David,scientist
resume_38.txt,"Name: Elizabeth Garcia
Summary: Experienced nurse with expertise in project management and team leadership.
Skills: Python, Data Analysis, Communication, Problem Solving
",Elizabeth,nurse
resume_39.txt,"Name: Jennifer Lee
Summary: Experienced manager with expertise in project management and team leadership.
Skills: Python, Data Analysis, Communication, Problem Solving
",Jennifer,manager
resume_40.txt,"Name: Linda Johnson
Summary: Experienced nurse with expertise in project management and team leadership.
Skills: Python, Data Analysis, Communication, Problem Solving
",Linda,nurse
resume_41.txt,"Name: Mary Lee
Summary: Experienced developer with expertise in project management and team leadership.
Skills: Python, Data Analysis, Communication, Problem Solving
",Mary,developer
resume_42.txt,"Name: John Kumar
Summary: Experienced manager with expertise in project management and team leadership.
Skills: Python, Data Analysis, Communication, Problem Solving
",John,manager
resume_43.txt,"Name: John Kumar
Summary: Experienced scientist with expertise in project management and team leadership.
Skills: Python, Data Analysis, Communication, Problem Solving
",John,scientist
resume_44.txt,"Name: Jennifer Johnson
Summary: Experienced nurse with expertise in project management and team leadership.
Skills: Python, Data Analysis, Communication, Problem Solving
",Jennifer,nurse
resume_45.txt,"Name: Jennifer Johnson
Summary: Experienced manager with expertise in project management and team leadership.
Skills: Python, Data Analysis, Communication, Problem Solving
",Jennifer,manager
resume_46.txt,"Name: Robert Johnson
Summary: Experienced developer with expertise in project management and team leadership.
Skills: Python, Data Analysis, Communication, Problem Solving
",Robert,developer
resume_47.txt,"Name: Robert Garcia
Summary: Experienced engineer with expertise in project management and team leadership.
Skills: Python, Data Analysis, Communication, Problem Solving
",Robert,engineer
resume_48.txt,"Name: John Kumar
Summary: Experienced developer with expertise in project management and team leadership.
Skills: Python, Data Analysis, Communication, Problem Solving
",John,developer
resume_49.txt,"Name: James Garcia
Summary: Experienced developer with expertise in project management and team leadership.
Skills: Python, Data Analysis, Communication, Problem Solving
",James,developer
resume_50.txt,"Name: Jennifer Kumar
Summary: Experienced engineer with expertise in project management and team leadership.
Skills: Python, Data Analysis, Communication, Problem Solving
",Jennifer,engineer
resume_51.txt,"Name: John Johnson
Summary: Experienced developer with expertise in project management and team leadership.
Skills: Python, Data Analysis, Communication, Problem Solving
",John,developer
resume_52.txt,"Name: John Lee
Summary: Experienced developer with expertise in project management and team leadership.
Skills: Python, Data Analysis, Communication, Problem Solving
",John,developer
resume_53.txt,"Name: John Johnson
Summary: Experienced developer with expertise in project management and team leadership.
Skills: Python, Data Analysis, Communication, Problem Solving
",John,developer
resume_54.txt,"Name: Mary Garcia
Summary: Experienced manager with expertise in project management and team leadership.
Skills: Python, Data Analysis, Communication, Problem Solving
",Mary,manager
resume_55.txt,"Name: Linda Kumar
Summary: Experienced manager with expertise in project management and team leadership.
Skills: Python, Data Analysis, Communication, Problem Solving
",Linda,manager
resume_56.txt,"Name: John Kumar
Summary: Experienced developer with expertise in project management and team leadership.
Skills: Python, Data Analysis, Communication, Problem Solving
",John,developer
resume_57.txt,"Name: Patricia Kumar
Summary: Experienced developer with expertise in project management and team leadership.
Skills: Python, Data Analysis, Communication, Problem Solving
",Patricia,developer
resume_58.txt,"Name: Patricia Kumar
Summary: Experienced manager with expertise in project management and team leadership.
Skills: Python, Data Analysis, Communication, Problem Solving
",Patricia,manager
resume_59.txt,"Name: James Johnson
Summary: Experienced developer with expertise in project management and team leadership.
Skills: Python, Data Analysis, Communication, Problem Solving
",James,developer
resume_60.txt,"Name: Robert Lee
Summary: Experienced engineer with expertise in project management and team leadership.
Skills: Python, Data Analysis, Communication, Problem Solving
",Robert,engineer
resume_61.txt,"Name: Jennifer Kumar
Summary: Experienced nurse with expertise in project management and team leadership.
Skills: Python, Data Analysis, Communication, Problem Solving
",Jennifer,nurse
resume_62.txt,"Name: Robert Johnson
Summary: Experienced developer with expertise in project management and team leadership.
Skills: Python, Data Analysis, Communication, Problem Solving
",Robert,developer
resume_63.txt,"Name: Elizabeth Lee
Summary: Experienced manager with expertise in project management and team leadership.
Skills: Python, Data Analysis, Communication, Problem Solving
",Elizabeth,manager
resume_64.txt,"Name: Michael Kumar
Summary: Experienced manager with expertise in project management and team leadership.
Skills: Python, Data Analysis, Communication, Problem Solving
",Michael,manager
resume_65.txt,"Name: David Smith
Summary: Experienced engineer with expertise in project management and team leadership.
Skills: Python, Data Analysis, Communication, Problem Solving
",David,engineer
resume_66.txt,"Name: Robert Lee
Summary: Experienced engineer with expertise in project management and team leadership.
Skills: Python, Data Analysis, Communication, Problem Solving
",Robert,engineer
resume_67.txt,"Name: Robert Lee
Summary: Experienced developer with expertise in project management and team leadership.
Skills: Python, Data Analysis, Communication, Problem Solving
",Robert,developer
resume_68.txt,"Name: Michael Lee
Summary: Experienced developer with expertise in project management and team leadership.
Skills: Python, Data Analysis, Communication, Problem Solving
",Michael,developer
resume_69.txt,"Name: Elizabeth Johnson
Summary: Experienced manager with expertise in project management and team leadership.
Skills: Python, Data Analysis, Communication, Problem Solving
",Elizabeth,manager
resume_70.txt,"Name: Robert Lee
Summary: Experienced scientist with expertise in project management and team leadership.
Skills: Python, Data Analysis, Communication, Problem Solving
",Robert,scientist
resume_71.txt,"Name: Elizabeth Smith
Summary: Experienced nurse with expertise in project management and team leadership.
Skills: Python, Data Analysis, Communication, Problem Solving
",Elizabeth,nurse
resume_72.txt,"Name: David Garcia
Summary: Experienced developer with expertise in project management and team leadership.
Skills: Python, Data Analysis, Communication, Problem Solving
",David,developer
resume_73.txt,"Name: Elizabeth Johnson
Summary: Experienced manager with expertise in project management and team leadership.
Skills: Python, Data Analysis, Communication, Problem Solving
",Elizabeth,manager
resume_74.txt,"Name: Michael Lee
Summary: Experienced engineer with expertise in project management and team leadership.
Skills: Python, Data Analysis, Communication, Problem Solving
",Michael,engineer
resume_75.txt,"Name: Patricia Smith
Summary: Experienced nurse with expertise in project management and team leadership.
Skills: Python, Data Analysis, Communication, Problem Solving
",Patricia,nurse
resume_76.txt,"Name: Elizabeth Johnson
Summary: Experienced scientist with expertise in project management and team leadership.
Skills: Python, Data Analysis, Communication, Problem Solving
",Elizabeth,scientist
resume_77.txt,"Name: Jennifer Kumar
Summary: Experienced nurse with expertise in project management and team leadership.
Skills: Python, Data Analysis, Communication, Problem Solving
",Jennifer,nurse
resume_78.txt,"Name: John Johnson
Summary: Experienced developer with expertise in project management and team leadership.
Skills: Python, Data Analysis, Communication, Problem Solving
",John,developer
resume_79.txt,"Name: David Kumar
Summary: Experienced scientist with expertise in project management and team leadership.
Skills: Python, Data Analysis, Communication, Problem Solving
",David,scientist
resume_80.txt,"Name: John Smith
Summary: Experienced engineer with expertise in project management and team leadership.
Skills: Python, Data Analysis, Communication, Problem Solving
",John,engineer
resume_81.txt,"Name: John Johnson
Summary: Experienced engineer with expertise in project management and team leadership.
Skills: Python, Data Analysis, Communication, Problem Solving
",John,engineer
resume_82.txt,"Name: Mary Kumar
Summary: Experienced nurse with expertise in project management and team leadership.
Skills: Python, Data Analysis, Communication, Problem Solving
",Mary,nurse
resume_83.txt,"Name: Elizabeth Kumar
Summary: Experienced manager with expertise in project management and team leadership.
Skills: Python, Data Analysis, Communication, Problem Solving
",Elizabeth,manager
resume_84.txt,"Name: David Garcia
Summary: Experienced scientist with expertise in project management and team leadership.
Skills: Python, Data Analysis, Communication, Problem Solving
",David,scientist
resume_85.txt,"Name: Patricia Lee
Summary: Experienced manager with expertise in project management and team leadership.
Skills: Python, Data Analysis, Communication, Problem Solving
",Patricia,manager
resume_86.txt,"Name: John Johnson
Summary: Experienced engineer with expertise in project management and team leadership.
Skills: Python, Data Analysis, Communication, Problem Solving
",John,engineer
resume_87.txt,"Name: James Smith
Summary: Experienced scientist with expertise in project management and team leadership.
Skills: Python, Data Analysis, Communication, Problem Solving
",James,scientist
resume_88.txt,"Name: Mary Johnson
Summary: Experienced manager with expertise in project management and team leadership.
Skills: Python, Data Analysis, Communication, Problem Solving
",Mary,manager
resume_89.txt,"Name: Linda Kumar
Summary: Experienced nurse with expertise in project management and team leadership.
Skills: Python, Data Analysis, Communication, Problem Solving
",Linda,nurse
resume_90.txt,"Name: Mary Smith
Summary: Experienced nurse with expertise in project management and team leadership.
Skills: Python, Data Analysis, Communication, Problem Solving
",Mary,nurse
resume_91.txt,"Name: Michael Kumar
Summary: Experienced engineer with expertise in project management and team leadership.
Skills: Python, Data Analysis, Communication, Problem Solving
",Michael,engineer
resume_92.txt,"Name: Mary Lee
Summary: Experienced manager with expertise in project management and team leadership.
Skills: Python, Data Analysis, Communication, Problem Solving
",Mary,manager
resume_93.txt,"Name: John Lee
Summary: Experienced engineer with expertise in project management and team leadership.
Skills: Python, Data Analysis, Communication, Problem Solving
",John,engineer
resume_94.txt,"Name: Linda Lee
Summary: Experienced manager with expertise in project management and team leadership.
Skills: Python, Data Analysis, Communication, Problem Solving
",Linda,manager
resume_95.txt,"Name: Linda Kumar
Summary: Experienced nurse with expertise in project management and team leadership.
Skills: Python, Data Analysis, Communication, Problem Solving
",Linda,nurse
resume_96.txt,"Name: Jennifer Garcia
Summary: Experienced manager with expertise in project management and team leadership.
Skills: Python, Data Analysis, Communication, Problem Solving
",Jennifer,manager
resume_97.txt,"Name: Linda Johnson
Summary: Experienced nurse with expertise in project management and team leadership.
Skills: Python, Data Analysis, Communication, Problem Solving
",Linda,nurse
resume_98.txt,"Name: David Smith
Summary: Experienced scientist with expertise in project management and team leadership.
Skills: Python, Data Analysis, Communication, Problem Solving
",David,scientist
resume_99.txt,"Name: Mary Lee
Summary: Experienced manager with expertise in project management and team leadership.
Skills: Python, Data Analysis, Communication, Problem Solving
",Mary,manager
resume_100.txt,"Name: Jennifer Johnson
Summary: Experienced scientist with expertise in project management and team leadership.
Skills: Python, Data Analysis, Communication, Problem Solving
",Jennifer,scientist
resume_101.txt,"Name: Jennifer Johnson
Summary: Experienced manager with expertise in project management and team leadership.
Skills: Python, Data Analysis, Communication, Problem Solving
",Jennifer,manager
resume_102.txt,"Name: David Garcia
Summary: Experienced engineer with expertise in project management and team leadership.
Skills: Python, Data Analysis, Communication, Problem Solving
",David,engineer
resume_103.txt,"Name: David Garcia
Summary: Experienced scientist with expertise in project management and team leadership.
Skills: Python, Data Analysis, Communication, Problem Solving
",David,scientist
resume_104.txt,"Name: John Smith
Summary: Experienced developer with expertise in project management and team leadership.
Skills: Python, Data Analysis, Communication, Problem Solving
",John,developer
resume_105.txt,"Name: Linda Smith
Summary: Experienced engineer with expertise in project management and team leadership.
Skills: Python, Data Analysis, Communication, Problem Solving
",Linda,engineer
resume_106.txt,"Name: Michael Lee
Summary: Experienced scientist with expertise in project management and team leadership.
Skills: Python, Data Analysis, Communication, Problem Solving
",Michael,scientist
resume_107.txt,"Name: Patricia Smith
Summary: Experienced nurse with expertise in project management and team leadership.
Skills: Python, Data Analysis, Communication, Problem Solving
",Patricia,nurse
resume_108.txt,"Name: Mary Lee
Summary: Experienced nurse with expertise in project management and team leadership.
Skills: Python, Data Analysis, Communication, Problem Solving
",Mary,nurse
resume_109.txt,"Name: Robert Smith
Summary: Experienced scientist with expertise in project management and team leadership.
Skills: Python, Data Analysis, Communication, Problem Solving
",Robert,scientist
resume_110.txt,"Name: James Garcia
Summary: Experienced engineer with expertise in project management and team leadership.
Skills: Python, Data Analysis, Communication, Problem Solving
",James,engineer
resume_111.txt,"Name: Michael Garcia
Summary: Experienced developer with expertise in project management and team leadership.
Skills: Python, Data Analysis, Communication, Problem Solving
",Michael,developer
resume_112.txt,"Name: James Kumar
Summary: Experienced developer with expertise in project management and team leadership.
Skills: Python, Data Analysis, Communication, Problem Solving
",James,developer
resume_113.txt,"Name: Jennifer Garcia
Summary: Experienced nurse with expertise in project management and team leadership.
Skills: Python, Data Analysis, Communication, Problem Solving
",Jennifer,nurse
resume_114.txt,"Name: Robert Smith
Summary: Experienced scientist with expertise in project management and team leadership.
Skills: Python, Data Analysis, Communication, Problem Solving
",Robert,scientist
resume_115.txt,"Name: James Lee
Summary: Experienced engineer with expertise in project management and team leadership.
Skills: Python, Data Analysis, Communication, Problem Solving
",James,engineer
resume_116.txt,"Name: Linda Johnson
Summary: Experienced nurse with expertise in project management and team leadership.
Skills: Python, Data Analysis, Communication, Problem Solving
",Linda,nurse
resume_117.txt,"Name: James Garcia
Summary: Experienced developer with expertise in project management and team leadership.
Skills: Python, Data Analysis, Communication, Problem Solving
",James,developer
resume_118.txt,"Name: David Smith
Summary: Experienced scientist with expertise in project management and team leadership.
Skills: Python, Data Analysis, Communication, Problem Solving
",David,scientist
resume_119.txt,"Name: James Garcia
Summary: Experienced developer with expertise in project management and team leadership.
Skills: Python, Data Analysis, Communication, Problem Solving
",James,developer
resume_120.txt,"Name: Elizabeth Kumar
Summary: Experienced nurse with expertise in project management and team leadership.
Skills: Python, Data Analysis, Communication, Problem Solving
",Elizabeth,nurse
resume_121.txt,"Name: John Johnson
Summary: Experienced developer with expertise in project management and team leadership.
Skills: Python, Data Analysis, Communication, Problem Solving
",John,developer
resume_122.txt,"Name: Elizabeth Lee
Summary: Experienced nurse with expertise in project management and team leadership.
Skills: Python, Data Analysis, Communication, Problem Solving
",Elizabeth,nurse
resume_123.txt,"Name: Mary Kumar
Summary: Experienced nurse with expertise in project management and team leadership.
Skills: Python, Data Analysis, Communication, Problem Solving
",Mary,nurse
resume_124.txt,"Name: James Smith
Summary: Experienced developer with expertise in project management and team leadership.
Skills: Python, Data Analysis, Communication, Problem Solving
",James,developer
resume_125.txt,"Name: David Lee
Summary: Experienced scientist with expertise in project management and team leadership.
Skills: Python, Data Analysis, Communication, Problem Solving
",David,scientist
resume_126.txt,"Name: John Johnson
Summary: Experienced scientist with expertise in project management and team leadership.
Skills: Python, Data Analysis, Communication, Problem Solving
",John,scientist
resume_127.txt,"Name: Elizabeth Kumar
Summary: Experienced scientist with expertise in project management and team leadership.
Skills: Python, Data Analysis, Communication, Problem Solving
",Elizabeth,scientist
resume_128.txt,"Name: Mary Smith
Summary: Experienced engineer with expertise in project management and team leadership.
Skills: Python, Data Analysis, Communication, Problem Solving
",Mary,engineer
resume_129.txt,"Name: Linda Lee
Summary: Experienced developer with expertise in project management and team leadership.
Skills: Python, Data Analysis, Communication, Problem Solving
",Linda,developer
resume_130.txt,"Name: Mary Johnson
Summary: Experienced manager with expertise in project management and team leadership.
Skills: Python, Data Analysis, Communication, Problem Solving
",Mary,manager
resume_131.txt,"Name: Elizabeth Smith
Summary: Experienced manager with expertise in project management and team leadership.
Skills: Python, Data Analysis, Communication, Problem Solving
",Elizabeth,manager
resume_132.txt,"Name: Linda Johnson
Summary: Experienced manager with expertise in project management and team leadership.
Skills: Python, Data Analysis, Communication, Problem Solving
",Linda,manager
resume_133.txt,"Name: Michael Garcia
Summary: Experienced developer with expertise in project management and team leadership.
Skills: Python, Data Analysis, Communication, Problem Solving
",Michael,developer
resume_134.txt,"Name: John Garcia
Summary: Experienced scientist with expertise in project management and team leadership.
Skills: Python, Data Analysis, Communication, Problem Solving
",John,scientist
resume_135.txt,"Name: Mary Garcia
Summary: Experienced manager with expertise in project management and team leadership.
Skills: Python, Data Analysis, Communication, Problem Solving
",Mary,manager
resume_136.txt,"Name: Patricia Johnson
Summary: Experienced manager with expertise in project management and team leadership.
Skills: Python, Data Analysis, Communication, Problem Solving
",Patricia,manager
resume_137.txt,"Name: Jennifer Kumar
Summary: Experienced engineer with expertise in project management and team leadership.
Skills: Python, Data Analysis, Communication, Problem Solving
",Jennifer,engineer
resume_138.txt,"Name: James Johnson
Summary: Experienced engineer with expertise in project management and team leadership.
Skills: Python, Data Analysis, Communication, Problem Solving
",James,engineer
resume_139.txt,"Name: Linda Garcia
Summary: Experienced nurse with expertise in project management and team leadership.
Skills: Python, Data Analysis, Communication, Problem Solving
",Linda,nurse
resume_140.txt,"Name: Patricia Johnson
Summary: Experienced manager with expertise in project management and team leadership.
Skills: Python, Data Analysis, Communication, Problem Solving
",Patricia,manager
resume_141.txt,"Name: Mary Smith
Summary: Experienced scientist with expertise in project management and team leadership.
Skills: Python, Data Analysis, Communication, Problem Solving
",Mary,scientist
resume_142.txt,"Name: Michael Garcia
Summary: Experienced developer with expertise in project management and team leadership.
Skills: Python, Data Analysis, Communication, Problem Solving
",Michael,developer
resume_143.txt,"Name: James Garcia
Summary: Experienced developer with expertise in project management and team leadership.
Skills: Python, Data Analysis, Communication, Problem Solving
",James,developer
resume_144.txt,"Name: John Johnson
Summary: Experienced engineer with expertise in project management and team leadership.
Skills: Python, Data Analysis, Communication, Problem Solving
",John,engineer
resume_145.txt,"Name: Robert Smith
Summary: Experienced developer with expertise in project management and team leadership.
Skills: Python, Data Analysis, Communication, Problem Solving
",Robert,developer
resume_146.txt,"Name: Elizabeth Smith
Summary: Experienced nurse with expertise in project management and team leadership.
Skills: Python, Data Analysis, Communication, Problem Solving
",Elizabeth,nurse
resume_147.txt,"Name: Jennifer Smith
Summary: Experienced manager with expertise in project management and team leadership.
Skills: Python, Data Analysis, Communication, Problem Solving
",Jennifer,manager
resume_148.txt,"Name: Elizabeth Smith
Summary: Experienced manager with expertise in project management and team leadership.
Skills: Python, Data Analysis, Communication, Problem Solving
",Elizabeth,manager
resume_149.txt,"Name: Michael Kumar
Summary: Experienced engineer with expertise in project management and team leadership.
Skills: Python, Data Analysis, Communication, Problem Solving
",Michael,engineer
resume_150.txt,"Name: Mary Smith
Summary: Experienced nurse with expertise in project management and team leadership.
Skills: Python, Data Analysis, Communication, Problem Solving
",Mary,nurse
resume_151.txt,"Name: Robert Garcia
Summary: Experienced developer with expertise in project management and team leadership.
Skills: Python, Data Analysis, Communication, Problem Solving
",Robert,developer
resume_152.txt,"Name: James Kumar
Summary: Experienced developer with expertise in project management and team leadership.
Skills: Python, Data Analysis, Communication, Problem Solving
",James,developer
resume_153.txt,"Name: Linda Johnson
Summary: Experienced nurse with expertise in project management and team leadership.
Skills: Python, Data Analysis, Communication, Problem Solving
",Linda,nurse
resume_154.txt,"Name: Linda Lee
Summary: Experienced manager with expertise in project management and team leadership.
Skills: Python, Data Analysis, Communication, Problem Solving
",Linda,manager
resume_155.txt,"Name: Elizabeth Kumar
Summary: Experienced manager with expertise in project management and team leadership.
Skills: Python, Data Analysis, Communication, Problem Solving
",Elizabeth,manager
resume_156.txt,"Name: Mary Smith
Summary: Experienced manager with expertise in project management and team leadership.
Skills: Python, Data Analysis, Communication, Problem Solving
",Mary,manager
resume_157.txt,"Name: James Lee
Summary: Experienced engineer with expertise in project management and team leadership.
Skills: Python, Data Analysis, Communication, Problem Solving
",James,engineer
resume_158.txt,"Name: Mary Johnson
Summary: Experienced manager with expertise in project management and team leadership.
Skills: Python, Data Analysis, Communication, Problem Solving
",Mary,manager
resume_159.txt,"Name: John Smith
Summary: Experienced scientist with expertise in project management and team leadership.
Skills: Python, Data Analysis, Communication, Problem Solving
",John,scientist
resume_160.txt,"Name: Elizabeth Kumar
Summary: Experienced manager with expertise in project management and team leadership.
Skills: Python, Data Analysis, Communication, Problem Solving
",Elizabeth,manager
resume_161.txt,"Name: Mary Lee
Summary: Experienced manager with expertise in project management and team leadership.
Skills: Python, Data Analysis, Communication, Problem Solving
",Mary,manager
resume_162.txt,"Name: Mary Garcia
Summary: Experienced manager with expertise in project management and team leadership.
Skills: Python, Data Analysis, Communication, Problem Solving
",Mary,manager
resume_163.txt,"Name: David Kumar
Summary: Experienced engineer with expertise in project management and team leadership.
Skills: Python, Data Analysis, Communication, Problem Solving
",David,engineer
resume_164.txt,"Name: James Johnson
Summary: Experienced developer with expertise in project management and team leadership.
Skills: Python, Data Analysis, Communication, Problem Solving
",James,developer
resume_165.txt,"Name: Jennifer Lee
Summary: Experienced nurse with expertise in project management and team leadership.
Skills: Python, Data Analysis, Communication, Problem Solving
",Jennifer,nurse
resume_166.txt,"Name: Patricia Lee
Summary: Experienced nurse with expertise in project management and team leadership.
Skills: Python, Data Analysis, Communication, Problem Solving
",Patricia,nurse
resume_167.txt,"Name: Mary Kumar
Summary: Experienced nurse with expertise in project management and team leadership.
Skills: Python, Data Analysis, Communication, Problem Solving
",Mary,nurse
resume_168.txt,"Name: Elizabeth Kumar
Summary: Experienced manager with expertise in project management and team leadership.
Skills: Python, Data Analysis, Communication, Problem Solving
",Elizabeth,manager
resume_169.txt,"Name: Jennifer Kumar
Summary: Experienced manager with expertise in project management and team leadership.
Skills: Python, Data Analysis, Communication, Problem Solving
",Jennifer,manager
resume_170.txt,"Name: James Kumar
Summary: Experienced scientist with expertise in project management and team leadership.
Skills: Python, Data Analysis, Communication, Problem Solving
",James,scientist
resume_171.txt,"Name: Robert Lee
Summary: Experienced scientist with expertise in project management and team leadership.
Skills: Python, Data Analysis, Communication, Problem Solving
",Robert,scientist
resume_172.txt,"Name: Mary Garcia
Summary: Experienced nurse with expertise in project management and team leadership.
Skills: Python, Data Analysis, Communication, Problem Solving
",Mary,nurse
resume_173.txt,"Name: Jennifer Garcia
Summary: Experienced manager with expertise in project management and team leadership.
Skills: Python, Data Analysis, Communication, Problem Solving
",Jennifer,manager
resume_174.txt,"Name: Elizabeth Johnson
Summary: Experienced nurse with expertise in project management and team leadership.
Skills: Python, Data Analysis, Communication, Problem Solving
",Elizabeth,nurse
resume_175.txt,"Name: Michael Garcia
Summary: Experienced developer with expertise in project management and team leadership.
Skills: Python, Data Analysis, Communication, Problem Solving
",Michael,developer
resume_176.txt,"Name: Michael Johnson
Summary: Experienced engineer with expertise in project management and team leadership.
Skills: Python, Data Analysis, Communication, Problem Solving
",Michael,engineer
resume_177.txt,"Name: Robert Lee
Summary: Experienced engineer with expertise in project management and team leadership.
Skills: Python, Data Analysis, Communication, Problem Solving
",Robert,engineer
resume_178.txt,"Name: Jennifer Smith
Summary: Experienced manager with expertise in project management and team leadership.
Skills: Python, Data Analysis, Communication, Problem Solving
",Jennifer,manager
resume_179.txt,"Name: Linda Kumar
Summary: Experienced nurse with expertise in project management and team leadership.
Skills: Python, Data Analysis, Communication, Problem Solving
",Linda,nurse
resume_180.txt,"Name: James Smith
Summary: Experienced engineer with expertise in project management and team leadership.
Skills: Python, Data Analysis, Communication, Problem Solving
",James,engineer
resume_181.txt,"Name: Jennifer Kumar
Summary: Experienced manager with expertise in project management and team leadership.
Skills: Python, Data Analysis, Communication, Problem Solving
",Jennifer,manager
resume_182.txt,"Name: Mary Kumar
Summary: Experienced nurse with expertise in project management and team leadership.
Skills: Python, Data Analysis, Communication, Problem Solving
",Mary,nurse
resume_183.txt,"Name: James Garcia
Summary: Experienced scientist with expertise in project management and team leadership.
Skills: Python, Data Analysis, Communication, Problem Solving
",James,scientist
resume_184.txt,"Name: Robert Johnson
Summary: Experienced engineer with expertise in project management and team leadership.
Skills: Python, Data Analysis, Communication, Problem Solving
",Robert,engineer
resume_185.txt,"Name: Linda Kumar
Summary: Experienced engineer with expertise in project management and team leadership.
Skills: Python, Data Analysis, Communication, Problem Solving
",Linda,engineer
resume_186.txt,"Name: Robert Lee
Summary: Experienced engineer with expertise in project management and team leadership.
Skills: Python, Data Analysis, Communication, Problem Solving
",Robert,engineer
resume_187.txt,"Name: Linda Kumar
Summary: Experienced nurse with expertise in project management and team leadership.
Skills: Python, Data Analysis, Communication, Problem Solving
",Linda,nurse
resume_188.txt,"Name: Linda Lee
Summary: Experienced manager with expertise in project management and team leadership.
Skills: Python, Data Analysis, Communication, Problem Solving
",Linda,manager
resume_189.txt,"Name: James Johnson
Summary: Experienced scientist with expertise in project management and team leadership.
Skills: Python, Data Analysis, Communication, Problem Solving
",James,scientist
resume_190.txt,"Name: James Smith
Summary: Experienced developer with expertise in project management and team leadership.
Skills: Python, Data Analysis, Communication, Problem Solving
",James,developer
resume_191.txt,"Name: John Smith
Summary: Experienced developer with expertise in project management and team leadership.
Skills: Python, Data Analysis, Communication, Problem Solving
",John,developer
resume_192.txt,"Name: James Johnson
Summary: Experienced manager with expertise in project management and team leadership.
Skills: Python, Data Analysis, Communication, Problem Solving
",James,manager
resume_193.txt,"Name: Linda Johnson
Summary: Experienced nurse with expertise in project management and team leadership.
Skills: Python, Data Analysis, Communication, Problem Solving
",Linda,nurse
resume_194.txt,"Name: Robert Kumar
Summary: Experienced scientist with expertise in project management and team leadership.
Skills: Python, Data Analysis, Communication, Problem Solving
",Robert,scientist
resume_195.txt,"Name: James Lee
Summary: Experienced scientist with expertise in project management and team leadership.
Skills: Python, Data Analysis, Communication, Problem Solving
",James,scientist
resume_196.txt,"Name: Jennifer Kumar
Summary: Experienced nurse with expertise in project management and team leadership.
Skills: Python, Data Analysis, Communication, Problem Solving
",Jennifer,nurse
resume_197.txt,"Name: Jennifer Smith
Summary: Experienced developer with expertise in project management and team leadership.
Skills: Python, Data Analysis, Communication, Problem Solving
",Jennifer,developer
resume_198.txt,"Name: Mary Lee
Summary: Experienced manager with expertise in project management and team leadership.
Skills: Python, Data Analysis, Communication, Problem Solving
",Mary,manager
resume_199.txt,"Name: Mary Kumar
Summary: Experienced nurse with expertise in project management and team leadership.
Skills: Python, Data Analysis, Communication, Problem Solving
",Mary,nurse
resume_200.txt,"Name: Jennifer Johnson
Summary: Experienced manager with expertise in project management and team leadership.
Skills: Python, Data Analysis, Communication, Problem Solving
",Jennifer,manager
resume_201.txt,"Name: John Kumar
Summary: Experienced developer with expertise in project management and team leadership.
Skills: Python, Data Analysis, Communication, Problem Solving
",John,developer
resume_202.txt,"Name: David Kumar
Summary: Experienced nurse with expertise in project management and team leadership.
Skills: Python, Data Analysis, Communication, Problem Solving
",David,nurse
resume_203.txt,"Name: James Lee
Summary: Experienced engineer with expertise in project management and team leadership.
Skills: Python, Data Analysis, Communication, Problem Solving
",James,engineer
resume_204.txt,"Name: Patricia Johnson
Summary: Experienced nurse with expertise in project management and team leadership.
Skills: Python, Data Analysis, Communication, Problem Solving
",Patricia,nurse
resume_205.txt,"Name: Mary Smith
Summary: Experienced scientist with expertise in project management and team leadership.
Skills: Python, Data Analysis, Communication, Problem Solving
",Mary,scientist
resume_206.txt,"Name: David Smith
Summary: Experienced developer with expertise in project management and team leadership.
Skills: Python, Data Analysis, Communication, Problem Solving
",David,developer
resume_207.txt,"Name: James Garcia
Summary: Experienced engineer with expertise in project management and team leadership.
Skills: Python, Data Analysis, Communication, Problem Solving
",James,engineer
resume_208.txt,"Name: Michael Garcia
Summary: Experienced developer with expertise in project management and team leadership.
Skills: Python, Data Analysis, Communication, Problem Solving
",Michael,developer
resume_209.txt,"Name: James Garcia
Summary: Experienced developer with expertise in project management and team leadership.
Skills: Python, Data Analysis, Communication, Problem Solving
",James,developer
resume_210.txt,"Name: James Kumar
Summary: Experienced developer with expertise in project management and team leadership.
Skills: Python, Data Analysis, Communication, Problem Solving
",James,developer
resume_211.txt,"Name: Elizabeth Lee
Summary: Experienced scientist with expertise in project management and team leadership.
Skills: Python, Data Analysis, Communication, Problem Solving
",Elizabeth,scientist
resume_212.txt,"Name: Michael Smith
Summary: Experienced engineer with expertise in project management and team leadership.
Skills: Python, Data Analysis, Communication, Problem Solving
",Michael,engineer
resume_213.txt,"Name: Linda Johnson
Summary: Experienced nurse with expertise in project management and team leadership.
Skills: Python, Data Analysis, Communication, Problem Solving
",Linda,nurse
resume_214.txt,"Name: Elizabeth Smith
Summary: Experienced nurse with expertise in project management and team leadership.
Skills: Python, Data Analysis, Communication, Problem Solving
",Elizabeth,nurse
resume_215.txt,"Name: Jennifer Lee
Summary: Experienced nurse with expertise in project management and team leadership.
Skills: Python, Data Analysis, Communication, Problem Solving
",Jennifer,nurse
resume_216.txt,"Name: James Kumar
Summary: Experienced manager with expertise in project management and team leadership.
Skills: Python, Data Analysis, Communication, Problem Solving
",James,manager
resume_217.txt,"Name: Robert Smith
Summary: Experienced scientist with expertise in project management and team leadership.
Skills: Python, Data Analysis, Communication, Problem Solving
",Robert,scientist
resume_218.txt,"Name: Mary Lee
Summary: Experienced manager with expertise in project management and team leadership.
Skills: Python, Data Analysis, Communication, Problem Solving
",Mary,manager
resume_219.txt,"Name: James Kumar
Summary: Experienced manager with expertise in project management and team leadership.
Skills: Python, Data Analysis, Communication, Problem Solving
",James,manager
resume_220.txt,"Name: David Johnson
Summary: Experienced engineer with expertise in project management and team leadership.
Skills: Python, Data Analysis, Communication, Problem Solving
",David,engineer
resume_221.txt,"Name: John Kumar
Summary: Experienced nurse with expertise in project management and team leadership.
Skills: Python, Data Analysis, Communication, Problem Solving
",John,nurse
resume_222.txt,"Name: James Lee
Summary: Experienced engineer with expertise in project management and team leadership.
Skills: Python, Data Analysis, Communication, Problem Solving
",James,engineer
resume_223.txt,"Name: Elizabeth Garcia
Summary: Experienced scientist with expertise in project management and team leadership.
Skills: Python, Data Analysis, Communication, Problem Solving
",Elizabeth,scientist
resume_224.txt,"Name: Jennifer Smith
Summary: Experienced developer with expertise in project management and team leadership.
Skills: Python, Data Analysis, Communication, Problem Solving
",Jennifer,developer
resume_225.txt,"Name: Patricia Garcia
Summary: Experienced manager with expertise in project management and team leadership.
Skills: Python, Data Analysis, Communication, Problem Solving
",Patricia,manager
resume_226.txt,"Name: Michael Smith
Summary: Experienced engineer with expertise in project management and team leadership.
Skills: Python, Data Analysis, Communication, Problem Solving
",Michael,engineer
resume_227.txt,"Name: Robert Lee
Summary: Experienced nurse with expertise in project management and team leadership.
Skills: Python, Data Analysis, Communication, Problem Solving
",Robert,nurse
resume_228.txt,"Name: Patricia Smith
Summary: Experienced manager with expertise in project management and team leadership.
Skills: Python, Data Analysis, Communication, Problem Solving
",Patricia,manager
resume_229.txt,"Name: Linda Lee
Summary: Experienced nurse with expertise in project management and team leadership.
Skills: Python, Data Analysis, Communication, Problem Solving
",Linda,nurse
resume_230.txt,"Name: David Garcia
Summary: Experienced engineer with expertise in project management and team leadership.
Skills: Python, Data Analysis, Communication, Problem Solving
",David,engineer
resume_231.txt,"Name: Patricia Smith
Summary: Experienced nurse with expertise in project management and team leadership.
Skills: Python, Data Analysis, Communication, Problem Solving
",Patricia,nurse
resume_232.txt,"Name: Robert Kumar
Summary: Experienced scientist with expertise in project management and team leadership.
Skills: Python, Data Analysis, Communication, Problem Solving
",Robert,scientist
resume_233.txt,"Name: David Johnson
Summary: Experienced scientist with expertise in project management and team leadership.
Skills: Python, Data Analysis, Communication, Problem Solving
",David,scientist
resume_234.txt,"Name: James Smith
Summary: Experienced developer with expertise in project management and team leadership.
Skills: Python, Data Analysis, Communication, Problem Solving
",James,developer
resume_235.txt,"Name: Elizabeth Garcia
Summary: Experienced nurse with expertise in project management and team leadership.
Skills: Python, Data Analysis, Communication, Problem Solving
",Elizabeth,nurse
resume_236.txt,"Name: Mary Lee
Summary: Experienced manager with expertise in project management and team leadership.
Skills: Python, Data Analysis, Communication, Problem Solving
",Mary,manager
resume_237.txt,"Name: Robert Johnson
Summary: Experienced developer with expertise in project management and team leadership.
Skills: Python, Data Analysis, Communication, Problem Solving
",Robert,developer
resume_238.txt,"Name: John Johnson
Summary: Experienced developer with expertise in project management and team leadership.
Skills: Python, Data Analysis, Communication, Problem Solving
",John,developer
resume_239.txt,"Name: Elizabeth Garcia
Summary: Experienced manager with expertise in project management and team leadership.
Skills: Python, Data Analysis, Communication, Problem Solving
",Elizabeth,manager
resume_240.txt,"Name: David Smith
Summary: Experienced developer with expertise in project management and team leadership.
Skills: Python, Data Analysis, Communication, Problem Solving
",David,developer
resume_241.txt,"Name: Jennifer Johnson
Summary: Experienced nurse with expertise in project management and team leadership.
Skills: Python, Data Analysis, Communication, Problem Solving
",Jennifer,nurse
resume_242.txt,"Name: Robert Garcia
Summary: Experienced scientist with expertise in project management and team leadership.
Skills: Python, Data Analysis, Communication, Problem Solving
",Robert,scientist
resume_243.txt,"Name: James Johnson
Summary: Experienced engineer with expertise in project management and team leadership.
Skills: Python, Data Analysis, Communication, Problem Solving
",James,engineer
resume_244.txt,"Name: David Johnson
Summary: Experienced engineer with expertise in project management and team leadership.
Skills: Python, Data Analysis, Communication, Problem Solving
",David,engineer
resume_245.txt,"Name: James Lee
Summary: Experienced engineer with expertise in project management and team leadership.
Skills: Python, Data Analysis, Communication, Problem Solving
",James,engineer
resume_246.txt,"Name: James Smith
Summary: Experienced developer with expertise in project management and team leadership.
Skills: Python, Data Analysis, Communication, Problem Solving
",James,developer
resume_247.txt,"Name: John Johnson
Summary: Experienced engineer with expertise in project management and team leadership.
Skills: Python, Data Analysis, Communication, Problem Solving
",John,engineer
resume_248.txt,"Name: James Kumar
Summary: Experienced developer with expertise in project management and team leadership.
Skills: Python, Data Analysis, Communication, Problem Solving
",James,developer
resume_249.txt,"Name: Michael Smith
Summary: Experienced developer with expertise in project management and team leadership.
Skills: Python, Data Analysis, Communication, Problem Solving
",Michael,developer
resume_250.txt,"Name: Michael Johnson
Summary: Experienced scientist with expertise in project management and team leadership.
Skills: Python, Data Analysis, Communication, Problem Solving
",Michael,scientist
resume_251.txt,"Name: Mary Lee
Summary: Experienced developer with expertise in project management and team leadership.
Skills: Python, Data Analysis, Communication, Problem Solving
",Mary,developer
resume_252.txt,"Name: Mary Johnson
Summary: Experienced nurse with expertise in project management and team leadership.
Skills: Python, Data Analysis, Communication, Problem Solving
",Mary,nurse
resume_253.txt,"Name: Jennifer Garcia
Summary: Experienced manager with expertise in project management and team leadership.
Skills: Python, Data Analysis, Communication, Problem Solving
",Jennifer,manager
resume_254.txt,"Name: Elizabeth Smith
Summary: Experienced nurse with expertise in project management and team leadership.
Skills: Python, Data Analysis, Communication, Problem Solving
",Elizabeth,nurse
resume_255.txt,"Name: Jennifer Kumar
Summary: Experienced manager with expertise in project management and team leadership.
Skills: Python, Data Analysis, Communication, Problem Solving
",Jennifer,manager
resume_256.txt,"Name: Robert Lee
Summary: Experienced developer with expertise in project management and team leadership.
Skills: Python, Data Analysis, Communication, Problem Solving
",Robert,developer
resume_257.txt,"Name: Patricia Kumar
Summary: Experienced manager with expertise in project management and team leadership.
Skills: Python, Data Analysis, Communication, Problem Solving
",Patricia,manager
resume_258.txt,"Name: Patricia Johnson
Summary: Experienced scientist with expertise in project management and team leadership.
Skills: Python, Data Analysis, Communication, Problem Solving
",Patricia,scientist
resume_259.txt,"Name: Patricia Johnson
Summary: Experienced developer with expertise in project management and team leadership.
Skills: Python, Data Analysis, Communication, Problem Solving
",Patricia,developer
resume_260.txt,"Name: David Johnson
Summary: Experienced manager with expertise in project management and team leadership.
Skills: Python, Data Analysis, Communication, Problem Solving
",David,manager
resume_261.txt,"Name: James Lee
Summary: Experienced scientist with expertise in project management and team leadership.
Skills: Python, Data Analysis, Communication, Problem Solving
",James,scientist
resume_262.txt,"Name: Robert Lee
Summary: Experienced developer with expertise in project management and team leadership.
Skills: Python, Data Analysis, Communication, Problem Solving
",Robert,developer
resume_263.txt,"Name: James Johnson
Summary: Experienced manager with expertise in project management and team leadership.
Skills: Python, Data Analysis, Communication, Problem Solving
",James,manager
resume_264.txt,"Name: James Kumar
Summary: Experienced engineer with expertise in project management and team leadership.
Skills: Python, Data Analysis, Communication, Problem Solving
",James,engineer
resume_265.txt,"Name: Patricia Garcia
Summary: Experienced manager with expertise in project management and team leadership.
Skills: Python, Data Analysis, Communication, Problem Solving
",Patricia,manager
resume_266.txt,"Name: Linda Lee
Summary: Experienced nurse with expertise in project management and team leadership.
Skills: Python, Data Analysis, Communication, Problem Solving
",Linda,nurse
resume_267.txt,"Name: James Smith
Summary: Experienced developer with expertise in project management and team leadership.
Skills: Python, Data Analysis, Communication, Problem Solving
",James,developer
resume_268.txt,"Name: Linda Garcia
Summary: Experienced manager with expertise in project management and team leadership.
Skills: Python, Data Analysis, Communication, Problem Solving
",Linda,manager
resume_269.txt,"Name: Mary Smith
Summary: Experienced nurse with expertise in project management and team leadership.
Skills: Python, Data Analysis, Communication, Problem Solving
",Mary,nurse
resume_270.txt,"Name: Patricia Garcia
Summary: Experienced nurse with expertise in project management and team leadership.
Skills: Python, Data Analysis, Communication, Problem Solving
",Patricia,nurse
resume_271.txt,"Name: Robert Johnson
Summary: Experienced scientist with expertise in project management and team leadership.
Skills: Python, Data Analysis, Communication, Problem Solving
",Robert,scientist
resume_272.txt,"Name: Elizabeth Johnson
Summary: Experienced manager with expertise in project management and team leadership.
Skills: Python, Data Analysis, Communication, Problem Solving
",Elizabeth,manager
resume_273.txt,"Name: John Johnson
Summary: Experienced engineer with expertise in project management and team leadership.
Skills: Python, Data Analysis, Communication, Problem Solving
",John,engineer
resume_274.txt,"Name: Michael Smith
Summary: Experienced engineer with expertise in project management and team leadership.
Skills: Python, Data Analysis, Communication, Problem Solving
",Michael,engineer
resume_275.txt,"Name: Jennifer Garcia
Summary: Experienced nurse with expertise in project management and team leadership.
Skills: Python, Data Analysis, Communication, Problem Solving
",Jennifer,nurse
resume_276.txt,"Name: David Kumar
Summary: Experienced developer with expertise in project management and team leadership.
Skills: Python, Data Analysis, Communication, Problem Solving
",David,developer
resume_277.txt,"Name: David Lee
Summary: Experienced engineer with expertise in project management and team leadership.
Skills: Python, Data Analysis, Communication, Problem Solving
",David,engineer
resume_278.txt,"Name: Elizabeth Garcia
Summary: Experienced nurse with expertise in project management and team leadership.
Skills: Python, Data Analysis, Communication, Problem Solving
",Elizabeth,nurse
resume_279.txt,"Name: Elizabeth Garcia
Summary: Experienced manager with expertise in project management and team leadership.
Skills: Python, Data Analysis, Communication, Problem Solving
",Elizabeth,manager
resume_280.txt,"Name: Michael Lee
Summary: Experienced scientist with expertise in project management and team leadership.
Skills: Python, Data Analysis, Communication, Problem Solving
",Michael,scientist
resume_281.txt,"Name: John Lee
Summary: Experienced developer with expertise in project management and team leadership.
Skills: Python, Data Analysis, Communication, Problem Solving
",John,developer
resume_282.txt,"Name: John Garcia
Summary: Experienced scientist with expertise in project management and team leadership.
Skills: Python, Data Analysis, Communication, Problem Solving
",John,scientist
resume_283.txt,"Name: John Johnson
Summary: Experienced developer with expertise in project management and team leadership.
Skills: Python, Data Analysis, Communication, Problem Solving
",John,developer
resume_284.txt,"Name: Robert Johnson
Summary: Experienced scientist with expertise in project management and team leadership.
Skills: Python, Data Analysis, Communication, Problem Solving
",Robert,scientist
resume_285.txt,"Name: Patricia Smith
Summary: Experienced manager with expertise in project management and team leadership.
Skills: Python, Data Analysis, Communication, Problem Solving
",Patricia,manager
resume_286.txt,"Name: Robert Kumar
Summary: Experienced engineer with expertise in project management and team leadership.
Skills: Python, Data Analysis, Communication, Problem Solving
",Robert,engineer
resume_287.txt,"Name: David Smith
Summary: Experienced scientist with expertise in project management and team leadership.
Skills: Python, Data Analysis, Communication, Problem Solving
",David,scientist
resume_288.txt,"Name: Michael Johnson
Summary: Experienced scientist with expertise in project management and team leadership.
Skills: Python, Data Analysis, Communication, Problem Solving
",Michael,scientist
resume_289.txt,"Name: Robert Garcia
Summary: Experienced engineer with expertise in project management and team leadership.
Skills: Python, Data Analysis, Communication, Problem Solving
",Robert,engineer
resume_290.txt,"Name: James Kumar
Summary: Experienced scientist with expertise in project management and team leadership.
Skills: Python, Data Analysis, Communication, Problem Solving
",James,scientist
resume_291.txt,"Name: Elizabeth Lee
Summary: Experienced nurse with expertise in project management and team leadership.
Skills: Python, Data Analysis, Communication, Problem Solving
",Elizabeth,nurse
resume_292.txt,"Name: Elizabeth Garcia
Summary: Experienced nurse with expertise in project management and team leadership.
Skills: Python, Data Analysis, Communication, Problem Solving
",Elizabeth,nurse
resume_293.txt,"Name: James Johnson
Summary: Experienced engineer with expertise in project management and team leadership.
Skills: Python, Data Analysis, Communication, Problem Solving
",James,engineer
resume_294.txt,"Name: James Johnson
Summary: Experienced developer with expertise in project management and team leadership.
Skills: Python, Data Analysis, Communication, Problem Solving
",James,developer
resume_295.txt,"Name: James Smith
Summary: Experienced engineer with expertise in project management and team leadership.
Skills: Python, Data Analysis, Communication, Problem Solving
",James,engineer
resume_296.txt,"Name: Mary Lee
Summary: Experienced manager with expertise in project management and team leadership.
Skills: Python, Data Analysis, Communication, Problem Solving
",Mary,manager
resume_297.txt,"Name: Linda Garcia
Summary: Experienced nurse with expertise in project management and team leadership.
Skills: Python, Data Analysis, Communication, Problem Solving
",Linda,nurse
resume_298.txt,"Name: James Kumar
Summary: Experienced scientist with expertise in project management and team leadership.
Skills: Python, Data Analysis, Communication, Problem Solving
",James,scientist
resume_299.txt,"Name: James Kumar
Summary: Experienced scientist with expertise in project management and team leadership.
Skills: Python, Data Analysis, Communication, Problem Solving
",James,scientist
resume_300.txt,"Name: Elizabeth Johnson
Summary: Experienced manager with expertise in project management and team leadership.
Skills: Python, Data Analysis, Communication, Problem Solving
",Elizabeth,manager
resume_301.txt,"Name: James Kumar
Summary: Experienced engineer with expertise in project management and team leadership.
Skills: Python, Data Analysis, Communication, Problem Solving
",James,engineer
resume_302.txt,"Name: Jennifer Johnson
Summary: Experienced nurse with expertise in project management and team leadership.
Skills: Python, Data Analysis, Communication, Problem Solving
",Jennifer,nurse
resume_303.txt,"Name: Elizabeth Kumar
Summary: Experienced nurse with expertise in project management and team leadership.
Skills: Python, Data Analysis, Communication, Problem Solving
",Elizabeth,nurse
resume_304.txt,"Name: James Kumar
Summary: Experienced developer with expertise in project management and team leadership.
Skills: Python, Data Analysis, Communication, Problem Solving
",James,developer
resume_305.txt,"Name: James Kumar
Summary: Experienced engineer with expertise in project management and team leadership.
Skills: Python, Data Analysis, Communication, Problem Solving
",James,engineer
resume_306.txt,"Name: John Smith
Summary: Experienced engineer with expertise in project management and team leadership.
Skills: Python, Data Analysis, Communication, Problem Solving
",John,engineer
resume_307.txt,"Name: Jennifer Garcia
Summary: Experienced manager with expertise in project management and team leadership.
Skills: Python, Data Analysis, Communication, Problem Solving
",Jennifer,manager
resume_308.txt,"Name: Robert Garcia
Summary: Experienced engineer with expertise in project management and team leadership.
Skills: Python, Data Analysis, Communication, Problem Solving
",Robert,engineer
resume_309.txt,"Name: Robert Lee
Summary: Experienced scientist with expertise in project management and team leadership.
Skills: Python, Data Analysis, Communication, Problem Solving
",Robert,scientist
resume_310.txt,"Name: Michael Johnson
Summary: Experienced scientist with expertise in project management and team leadership.
Skills: Python, Data Analysis, Communication, Problem Solving
",Michael,scientist
resume_311.txt,"Name: Patricia Garcia
Summary: Experienced nurse with expertise in project management and team leadership.
Skills: Python, Data Analysis, Communication, Problem Solving
",Patricia,nurse
resume_312.txt,"Name: Robert Lee
Summary: Experienced developer with expertise in project management and team leadership.
Skills: Python, Data Analysis, Communication, Problem Solving
",Robert,developer
resume_313.txt,"Name: Michael Smith
Summary: Experienced engineer with expertise in project management and team leadership.
Skills: Python, Data Analysis, Communication, Problem Solving
",Michael,engineer
resume_314.txt,"Name: Robert Kumar
Summary: Experienced developer with expertise in project management and team leadership.
Skills: Python, Data Analysis, Communication, Problem Solving
",Robert,developer
resume_315.txt,"Name: Michael Garcia
Summary: Experienced developer with expertise in project management and team leadership.
Skills: Python, Data Analysis, Communication, Problem Solving
",Michael,developer
resume_316.txt,"Name: John Garcia
Summary: Experienced engineer with expertise in project management and team leadership.
Skills: Python, Data Analysis, Communication, Problem Solving
",John,engineer
resume_317.txt,"Name: Patricia Lee
Summary: Experienced nurse with expertise in project management and team leadership.
Skills: Python, Data Analysis, Communication, Problem Solving
",Patricia,nurse
resume_318.txt,"Name: James Garcia
Summary: Experienced developer with expertise in project management and team leadership.
Skills: Python, Data Analysis, Communication, Problem Solving
",James,developer
resume_319.txt,"Name: Mary Johnson
Summary: Experienced nurse with expertise in project management and team leadership.
Skills: Python, Data Analysis, Communication, Problem Solving
",Mary,nurse
resume_320.txt,"Name: David Kumar
Summary: Experienced developer with expertise in project management and team leadership.
Skills: Python, Data Analysis, Communication, Problem Solving
",David,developer
resume_321.txt,"Name: Linda Johnson
Summary: Experienced manager with expertise in project management and team leadership.
Skills: Python, Data Analysis, Communication, Problem Solving
",Linda,manager
resume_322.txt,"Name: James Johnson
Summary: Experienced developer with expertise in project management and team leadership.
Skills: Python, Data Analysis, Communication, Problem Solving
",James,developer
resume_323.txt,"Name: Linda Garcia
Summary: Experienced manager with expertise in project management and team leadership.
Skills: Python, Data Analysis, Communication, Problem Solving
",Linda,manager
resume_324.txt,"Name: David Johnson
Summary: Experienced scientist with expertise in project management and team leadership.
Skills: Python, Data Analysis, Communication, Problem Solving
",David,scientist
resume_325.txt,"Name: Patricia Kumar
Summary: Experienced manager with expertise in project management and team leadership.
Skills: Python, Data Analysis, Communication, Problem Solving
",Patricia,manager
resume_326.txt,"Name: David Kumar
Summary: Experienced manager with expertise in project management and team leadership.
Skills: Python, Data Analysis, Communication, Problem Solving
",David,manager
resume_327.txt,"Name: John Smith
Summary: Experienced developer with expertise in project management and team leadership.
Skills: Python, Data Analysis, Communication, Problem Solving
",John,developer
resume_328.txt,"Name: Michael Lee
Summary: Experienced scientist with expertise in project management and team leadership.
Skills: Python, Data Analysis, Communication, Problem Solving
",Michael,scientist
resume_329.txt,"Name: Mary Lee
Summary: Experienced scientist with expertise in project management and team leadership.
Skills: Python, Data Analysis, Communication, Problem Solving
",Mary,scientist
resume_330.txt,"Name: David Kumar
Summary: Experienced developer with expertise in project management and team leadership.
Skills: Python, Data Analysis, Communication, Problem Solving
",David,developer
resume_331.txt,"Name: David Johnson
Summary: Experienced engineer with expertise in project management and team leadership.
Skills: Python, Data Analysis, Communication, Problem Solving
",David,engineer
resume_332.txt,"Name: Jennifer Lee
Summary: Experienced manager with expertise in project management and team leadership.
Skills: Python, Data Analysis, Communication, Problem Solving
",Jennifer,manager
resume_333.txt,"Name: Patricia Smith
Summary: Experienced nurse with expertise in project management and team leadership.
Skills: Python, Data Analysis, Communication, Problem Solving
",Patricia,nurse
resume_334.txt,"Name: Jennifer Lee
Summary: Experienced nurse with expertise in project management and team leadership.
Skills: Python, Data Analysis, Communication, Problem Solving
",Jennifer,nurse
resume_335.txt,"Name: James Kumar
Summary: Experienced developer with expertise in project management and team leadership.
Skills: Python, Data Analysis, Communication, Problem Solving
",James,developer
resume_336.txt,"Name: Patricia Kumar
Summary: Experienced nurse with expertise in project management and team leadership.
Skills: Python, Data Analysis, Communication, Problem Solving
",Patricia,nurse
resume_337.txt,"Name: Elizabeth Garcia
Summary: Experienced nurse with expertise in project management and team leadership.
Skills: Python, Data Analysis, Communication, Problem Solving
",Elizabeth,nurse
resume_338.txt,"Name: Robert Kumar
Summary: Experienced scientist with expertise in project management and team leadership.
Skills: Python, Data Analysis, Communication, Problem Solving
",Robert,scientist
resume_339.txt,"Name: Jennifer Smith
Summary: Experienced manager with expertise in project management and team leadership.
Skills: Python, Data Analysis, Communication, Problem Solving
",Jennifer,manager
resume_340.txt,"Name: Michael Smith
Summary: Experienced developer with expertise in project management and team leadership.
Skills: Python, Data Analysis, Communication, Problem Solving
",Michael,developer
resume_341.txt,"Name: James Lee
Summary: Experienced scientist with expertise in project management and team leadership.
Skills: Python, Data Analysis, Communication, Problem Solving
",James,scientist
resume_342.txt,"Name: Elizabeth Lee
Summary: Experienced developer with expertise in project management and team leadership.
Skills: Python, Data Analysis, Communication, Problem Solving
",Elizabeth,developer
resume_343.txt,"Name: Jennifer Garcia
Summary: Experienced manager with expertise in project management and team leadership.
Skills: Python, Data Analysis, Communication, Problem Solving
",Jennifer,manager
resume_344.txt,"Name: John Johnson
Summary: Experienced engineer with expertise in project management and team leadership.
Skills: Python, Data Analysis, Communication, Problem Solving
",John,engineer
resume_345.txt,"Name: Michael Garcia
Summary: Experienced engineer with expertise in project management and team leadership.
Skills: Python, Data Analysis, Communication, Problem Solving
",Michael,engineer
resume_346.txt,"Name: Linda Johnson
Summary: Experienced nurse with expertise in project management and team leadership.
Skills: Python, Data Analysis, Communication, Problem Solving
",Linda,nurse
resume_347.txt,"Name: Elizabeth Garcia
Summary: Experienced manager with expertise in project management and team leadership.
Skills: Python, Data Analysis, Communication, Problem Solving
",Elizabeth,manager
resume_348.txt,"Name: Mary Kumar
Summary: Experienced nurse with expertise in project management and team leadership.
Skills: Python, Data Analysis, Communication, Problem Solving
",Mary,nurse
resume_349.txt,"Name: Elizabeth Garcia
Summary: Experienced manager with expertise in project management and team leadership.
Skills: Python, Data Analysis, Communication, Problem Solving
",Elizabeth,manager
resume_350.txt,"Name: Jennifer Lee
Summary: Experienced nurse with expertise in project management and team leadership.
Skills: Python, Data Analysis, Communication, Problem Solving
",Jennifer,nurse
resume_351.txt,"Name: Jennifer Johnson
Summary: Experienced nurse with expertise in project management and team leadership.
Skills: Python, Data Analysis, Communication, Problem Solving
",Jennifer,nurse
resume_352.txt,"Name: Robert Garcia
Summary: Experienced engineer with expertise in project management and team leadership.
Skills: Python, Data Analysis, Communication, Problem Solving
",Robert,engineer
resume_353.txt,"Name: John Smith
Summary: Experienced engineer with expertise in project management and team leadership.
Skills: Python, Data Analysis, Communication, Problem Solving
",John,engineer
resume_354.txt,"Name: Michael Lee
Summary: Experienced manager with expertise in project management and team leadership.
Skills: Python, Data Analysis, Communication, Problem Solving
",Michael,manager
resume_355.txt,"Name: Jennifer Smith
Summary: Experienced nurse with expertise in project management and team leadership.
Skills: Python, Data Analysis, Communication, Problem Solving
",Jennifer,nurse
resume_356.txt,"Name: Elizabeth Kumar
Summary: Experienced nurse with expertise in project management and team leadership.
Skills: Python, Data Analysis, Communication, Problem Solving
",Elizabeth,nurse
resume_357.txt,"Name: Elizabeth Smith
Summary: Experienced scientist with expertise in project management and team leadership.
Skills: Python, Data Analysis, Communication, Problem Solving
",Elizabeth,scientist
resume_358.txt,"Name: Jennifer Kumar
Summary: Experienced nurse with expertise in project management and team leadership.
Skills: Python, Data Analysis, Communication, Problem Solving
",Jennifer,nurse
resume_359.txt,"Name: Elizabeth Kumar
Summary: Experienced manager with expertise in project management and team leadership.
Skills: Python, Data Analysis, Communication, Problem Solving
",Elizabeth,manager
resume_360.txt,"Name: Michael Lee
Summary: Experienced developer with expertise in project management and team leadership.
Skills: Python, Data Analysis, Communication, Problem Solving
",Michael,developer
resume_361.txt,"Name: Michael Johnson
Summary: Experienced engineer with expertise in project management and team leadership.
Skills: Python, Data Analysis, Communication, Problem Solving
",Michael,engineer
resume_362.txt,"Name: Mary Smith
Summary: Experienced nurse with expertise in project management and team leadership.
Skills: Python, Data Analysis, Communication, Problem Solving
",Mary,nurse
resume_363.txt,"Name: Michael Lee
Summary: Experienced scientist with expertise in project management and team leadership.
Skills: Python, Data Analysis, Communication, Problem Solving
",Michael,scientist
resume_364.txt,"Name: Michael Lee
Summary: Experienced engineer with expertise in project management and team leadership.
Skills: Python, Data Analysis, Communication, Problem Solving
",Michael,engineer
resume_365.txt,"Name: Mary Johnson
Summary: Experienced manager with expertise in project management and team leadership.
Skills: Python, Data Analysis, Communication, Problem Solving
",Mary,manager
resume_366.txt,"Name: John Johnson
Summary: Experienced engineer with expertise in project management and team leadership.
Skills: Python, Data Analysis, Communication, Problem Solving
",John,engineer
resume_367.txt,"Name: Mary Johnson
Summary: Experienced nurse with expertise in project management and team leadership.
Skills: Python, Data Analysis, Communication, Problem Solving
",Mary,nurse
resume_368.txt,"Name: James Johnson
Summary: Experienced engineer with expertise in project management and team leadership.
Skills: Python, Data Analysis, Communication, Problem Solving
",James,engineer
resume_369.txt,"Name: John Johnson
Summary: Experienced engineer with expertise in project management and team leadership.
Skills: Python, Data Analysis, Communication, Problem Solving
",John,engineer
resume_370.txt,"Name: Mary Smith
Summary: Experienced nurse with expertise in project management and team leadership.
Skills: Python, Data Analysis, Communication, Problem Solving
",Mary,nurse
resume_371.txt,"Name: Robert Kumar
Summary: Experienced developer with expertise in project management and team leadership.
Skills: Python, Data Analysis, Communication, Problem Solving
",Robert,developer
resume_372.txt,"Name: David Johnson
Summary: Experienced developer with expertise in project management and team leadership.
Skills: Python, Data Analysis, Communication, Problem Solving
",David,developer
resume_373.txt,"Name: Mary Smith
Summary: Experienced manager with expertise in project management and team leadership.
Skills: Python, Data Analysis, Communication, Problem Solving
",Mary,manager
resume_374.txt,"Name: John Garcia
Summary: Experienced engineer with expertise in project management and team leadership.
Skills: Python, Data Analysis, Communication, Problem Solving
",John,engineer
resume_375.txt,"Name: Michael Kumar
Summary: Experienced engineer with expertise in project management and team leadership.
Skills: Python, Data Analysis, Communication, Problem Solving
",Michael,engineer
resume_376.txt,"Name: Elizabeth Kumar
Summary: Experienced nurse with expertise in project management and team leadership.
Skills: Python, Data Analysis, Communication, Problem Solving
",Elizabeth,nurse
resume_377.txt,"Name: Mary Garcia
Summary: Experienced manager with expertise in project management and team leadership.
Skills: Python, Data Analysis, Communication, Problem Solving
",Mary,manager
resume_378.txt,"Name: Linda Lee
Summary: Experienced engineer with expertise in project management and team leadership.
Skills: Python, Data Analysis, Communication, Problem Solving
",Linda,engineer
resume_379.txt,"Name: Jennifer Kumar
Summary: Experienced nurse with expertise in project management and team leadership.
Skills: Python, Data Analysis, Communication, Problem Solving
",Jennifer,nurse
resume_380.txt,"Name: Elizabeth Johnson
Summary: Experienced nurse with expertise in project management and team leadership.
Skills: Python, Data Analysis, Communication, Problem Solving
",Elizabeth,nurse
resume_381.txt,"Name: David Smith
Summary: Experienced engineer with expertise in project management and team leadership.
Skills: Python, Data Analysis, Communication, Problem Solving
",David,engineer
resume_382.txt,"Name: Elizabeth Lee
Summary: Experienced manager with expertise in project management and team leadership.
Skills: Python, Data Analysis, Communication, Problem Solving
",Elizabeth,manager
resume_383.txt,"Name: Robert Johnson
Summary: Experienced developer with expertise in project management and team leadership.
Skills: Python, Data Analysis, Communication, Problem Solving
",Robert,developer
resume_384.txt,"Name: John Kumar
Summary: Experienced developer with expertise in project management and team leadership.
Skills: Python, Data Analysis, Communication, Problem Solving
",John,developer
resume_385.txt,"Name: Elizabeth Kumar
Summary: Experienced nurse with expertise in project management and team leadership.
Skills: Python, Data Analysis, Communication, Problem Solving
",Elizabeth,nurse
resume_386.txt,"Name: James Lee
Summary: Experienced nurse with expertise in project management and team leadership.
Skills: Python, Data Analysis, Communication, Problem Solving
",James,nurse
resume_387.txt,"Name: David Garcia
Summary: Experienced scientist with expertise in project management and team leadership.
Skills: Python, Data Analysis, Communication, Problem Solving
",David,scientist
resume_388.txt,"Name: John Smith
Summary: Experienced engineer with expertise in project management and team leadership.
Skills: Python, Data Analysis, Communication, Problem Solving
",John,engineer
resume_389.txt,"Name: Mary Lee
Summary: Experienced manager with expertise in project management and team leadership.
Skills: Python, Data Analysis, Communication, Problem Solving
",Mary,manager
resume_390.txt,"Name: John Johnson
Summary: Experienced engineer with expertise in project management and team leadership.
Skills: Python, Data Analysis, Communication, Problem Solving
",John,engineer
resume_391.txt,"Name: David Johnson
Summary: Experienced developer with expertise in project management and team leadership.
Skills: Python, Data Analysis, Communication, Problem Solving
",David,developer
resume_392.txt,"Name: Linda Kumar
Summary: Experienced manager with expertise in project management and team leadership.
Skills: Python, Data Analysis, Communication, Problem Solving
",Linda,manager
resume_393.txt,"Name: Robert Johnson
Summary: Experienced engineer with expertise in project management and team leadership.
Skills: Python, Data Analysis, Communication, Problem Solving
",Robert,engineer
resume_394.txt,"Name: John Kumar
Summary: Experienced engineer with expertise in project management and team leadership.
Skills: Python, Data Analysis, Communication, Problem Solving
",John,engineer
resume_395.txt,"Name: Robert Kumar
Summary: Experienced developer with expertise in project management and team leadership.
Skills: Python, Data Analysis, Communication, Problem Solving
",Robert,developer
resume_396.txt,"Name: David Garcia
Summary: Experienced developer with expertise in project management and team leadership.
Skills: Python, Data Analysis, Communication, Problem Solving
",David,developer
resume_397.txt,"Name: Patricia Johnson
Summary: Experienced manager with expertise in project management and team leadership.
Skills: Python, Data Analysis, Communication, Problem Solving
",Patricia,manager
resume_398.txt,"Name: Mary Kumar
Summary: Experienced nurse with expertise in project management and team leadership.
Skills: Python, Data Analysis, Communication, Problem Solving
",Mary,nurse
resume_399.txt,"Name: John Kumar
Summary: Experienced engineer with expertise in project management and team leadership.
Skills: Python, Data Analysis, Communication, Problem Solving
",John,engineer
resume_400.txt,"Name: Michael Kumar
Summary: Experienced developer with expertise in project management and team leadership.
Skills: Python, Data Analysis, Communication, Problem Solving
",Michael,developer
resume_401.txt,"Name: Linda Lee
Summary: Experienced manager with expertise in project management and team leadership.
Skills: Python, Data Analysis, Communication, Problem Solving
",Linda,manager
resume_402.txt,"Name: Jennifer Kumar
Summary: Experienced nurse with expertise in project management and team leadership.
Skills: Python, Data Analysis, Communication, Problem Solving
",Jennifer,nurse
resume_403.txt,"Name: James Lee
Summary: Experienced developer with expertise in project management and team leadership.
Skills: Python, Data Analysis, Communication, Problem Solving
",James,developer
resume_404.txt,"Name: Jennifer Garcia
Summary: Experienced manager with expertise in project management and team leadership.
Skills: Python, Data Analysis, Communication, Problem Solving
",Jennifer,manager
resume_405.txt,"Name: Patricia Johnson
Summary: Experienced manager with expertise in project management and team leadership.
Skills: Python, Data Analysis, Communication, Problem Solving
",Patricia,manager
resume_406.txt,"Name: John Johnson
Summary: Experienced engineer with expertise in project management and team leadership.
Skills: Python, Data Analysis, Communication, Problem Solving
",John,engineer
resume_407.txt,"Name: David Smith
Summary: Experienced engineer with expertise in project management and team leadership.
Skills: Python, Data Analysis, Communication, Problem Solving
",David,engineer
resume_408.txt,"Name: Michael Lee
Summary: Experienced engineer with expertise in project management and team leadership.
Skills: Python, Data Analysis, Communication, Problem Solving
",Michael,engineer
resume_409.txt,"Name: Patricia Johnson
Summary: Experienced manager with expertise in project management and team leadership.
Skills: Python, Data Analysis, Communication, Problem Solving
",Patricia,manager
resume_410.txt,"Name: Linda Garcia
Summary: Experienced nurse with expertise in project management and team leadership.
Skills: Python, Data Analysis, Communication, Problem Solving
",Linda,nurse
resume_411.txt,"Name: Jennifer Smith
Summary: Experienced manager with expertise in project management and team leadership.
Skills: Python, Data Analysis, Communication, Problem Solving
",Jennifer,manager
resume_412.txt,"Name: David Johnson
Summary: Experienced engineer with expertise in project management and team leadership.
Skills: Python, Data Analysis, Communication, Problem Solving
",David,engineer
resume_413.txt,"Name: Patricia Garcia
Summary: Experienced nurse with expertise in project management and team leadership.
Skills: Python, Data Analysis, Communication, Problem Solving
",Patricia,nurse
resume_414.txt,"Name: David Kumar
Summary: Experienced scientist with expertise in project management and team leadership.
Skills: Python, Data Analysis, Communication, Problem Solving
",David,scientist
resume_415.txt,"Name: Michael Kumar
Summary: Experienced developer with expertise in project management and team leadership.
Skills: Python, Data Analysis, Communication, Problem Solving
",Michael,developer
resume_416.txt,"Name: Jennifer Garcia
Summary: Experienced nurse with expertise in project management and team leadership.
Skills: Python, Data Analysis, Communication, Problem Solving
",Jennifer,nurse
resume_417.txt,"Name: Elizabeth Smith
Summary: Experienced engineer with expertise in project management and team leadership.
Skills: Python, Data Analysis, Communication, Problem Solving
",Elizabeth,engineer
resume_418.txt,"Name: Mary Johnson
Summary: Experienced engineer with expertise in project management and team leadership.
Skills: Python, Data Analysis, Communication, Problem Solving
",Mary,engineer
resume_419.txt,"Name: Michael Smith
Summary: Experienced scientist with expertise in project management and team leadership.
Skills: Python, Data Analysis, Communication, Problem Solving
",Michael,scientist
resume_420.txt,"Name: John Garcia
Summary: Experienced scientist with expertise in project management and team leadership.
Skills: Python, Data Analysis, Communication, Problem Solving
",John,scientist
resume_421.txt,"Name: Robert Smith
Summary: Experienced engineer with expertise in project management and team leadership.
Skills: Python, Data Analysis, Communication, Problem Solving
",Robert,engineer
resume_422.txt,"Name: Mary Lee
Summary: Experienced nurse with expertise in project management and team leadership.
Skills: Python, Data Analysis, Communication, Problem Solving
",Mary,nurse
resume_423.txt,"Name: Robert Garcia
Summary: Experienced engineer with expertise in project management and team leadership.
Skills: Python, Data Analysis, Communication, Problem Solving
",Robert,engineer
resume_424.txt,"Name: Linda Johnson
Summary: Experienced developer with expertise in project management and team leadership.
Skills: Python, Data Analysis, Communication, Problem Solving
",Linda,developer
resume_425.txt,"Name: Robert Garcia
Summary: Experienced developer with expertise in project management and team leadership.
Skills: Python, Data Analysis, Communication, Problem Solving
",Robert,developer
resume_426.txt,"Name: John Smith
Summary: Experienced manager with expertise in project management and team leadership.
Skills: Python, Data Analysis, Communication, Problem Solving
",John,manager
resume_427.txt,"Name: Michael Kumar
Summary: Experienced engineer with expertise in project management and team leadership.
Skills: Python, Data Analysis, Communication, Problem Solving
",Michael,engineer
resume_428.txt,"Name: James Johnson
Summary: Experienced scientist with expertise in project management and team leadership.
Skills: Python, Data Analysis, Communication, Problem Solving
",James,scientist
resume_429.txt,"Name: Robert Johnson
Summary: Experienced scientist with expertise in project management and team leadership.
Skills: Python, Data Analysis, Communication, Problem Solving
",Robert,scientist
resume_430.txt,"Name: Jennifer Smith
Summary: Experienced nurse with expertise in project management and team leadership.
Skills: Python, Data Analysis, Communication, Problem Solving
",Jennifer,nurse
resume_431.txt,"Name: Michael Lee
Summary: Experienced developer with expertise in project management and team leadership.
Skills: Python, Data Analysis, Communication, Problem Solving
",Michael,developer
resume_432.txt,"Name: David Garcia
Summary: Experienced developer with expertise in project management and team leadership.
Skills: Python, Data Analysis, Communication, Problem Solving
",David,developer
resume_433.txt,"Name: David Smith
Summary: Experienced developer with expertise in project management and team leadership.
Skills: Python, Data Analysis, Communication, Problem Solving
",David,developer
resume_434.txt,"Name: John Kumar
Summary: Experienced engineer with expertise in project management and team leadership.
Skills: Python, Data Analysis, Communication, Problem Solving
",John,engineer
resume_435.txt,"Name: Elizabeth Kumar
Summary: Experienced manager with expertise in project management and team leadership.
Skills: Python, Data Analysis, Communication, Problem Solving
",Elizabeth,manager
resume_436.txt,"Name: Mary Kumar
Summary: Experienced nurse with expertise in project management and team leadership.
Skills: Python, Data Analysis, Communication, Problem Solving
",Mary,nurse
resume_437.txt,"Name: Jennifer Johnson
Summary: Experienced manager with expertise in project management and team leadership.
Skills: Python, Data Analysis, Communication, Problem Solving
",Jennifer,manager
resume_438.txt,"Name: Mary Johnson
Summary: Experienced nurse with expertise in project management and team leadership.
Skills: Python, Data Analysis, Communication, Problem Solving
",Mary,nurse
resume_439.txt,"Name: Jennifer Johnson
Summary: Experienced developer with expertise in project management and team leadership.
Skills: Python, Data Analysis, Communication, Problem Solving
",Jennifer,developer
resume_440.txt,"Name: David Kumar
Summary: Experienced developer with expertise in project management and team leadership.
Skills: Python, Data Analysis, Communication, Problem Solving
",David,developer
resume_441.txt,"Name: Linda Johnson
Summary: Experienced manager with expertise in project management and team leadership.
Skills: Python, Data Analysis, Communication, Problem Solving
",Linda,manager
resume_442.txt,"Name: Elizabeth Kumar
Summary: Experienced nurse with expertise in project management and team leadership.
Skills: Python, Data Analysis, Communication, Problem Solving
",Elizabeth,nurse
resume_443.txt,"Name: Michael Johnson
Summary: Experienced developer with expertise in project management and team leadership.
Skills: Python, Data Analysis, Communication, Problem Solving
",Michael,developer
resume_444.txt,"Name: Robert Lee
Summary: Experienced engineer with expertise in project management and team leadership.
Skills: Python, Data Analysis, Communication, Problem Solving
",Robert,engineer
resume_445.txt,"Name: Robert Smith
Summary: Experienced scientist with expertise in project management and team leadership.
Skills: Python, Data Analysis, Communication, Problem Solving
",Robert,scientist
resume_446.txt,"Name: Jennifer Smith
Summary: Experienced nurse with expertise in project management and team leadership.
Skills: Python, Data Analysis, Communication, Problem Solving
",Jennifer,nurse
resume_447.txt,"Name: Robert Smith
Summary: Experienced nurse with expertise in project management and team leadership.
Skills: Python, Data Analysis, Communication, Problem Solving
",Robert,nurse
resume_448.txt,"Name: John Garcia
Summary: Experienced developer with expertise in project management and team leadership.
Skills: Python, Data Analysis, Communication, Problem Solving
",John,developer
resume_449.txt,"Name: David Smith
Summary: Experienced manager with expertise in project management and team leadership.
Skills: Python, Data Analysis, Communication, Problem Solving
",David,manager
resume_450.txt,"Name: James Garcia
Summary: Experienced engineer with expertise in project management and team leadership.
Skills: Python, Data Analysis, Communication, Problem Solving
",James,engineer
resume_451.txt,"Name: James Lee
Summary: Experienced engineer with expertise in project management and team leadership.
Skills: Python, Data Analysis, Communication, Problem Solving
",James,engineer
resume_452.txt,"Name: Elizabeth Garcia
Summary: Experienced manager with expertise in project management and team leadership.
Skills: Python, Data Analysis, Communication, Problem Solving
",Elizabeth,manager
resume_453.txt,"Name: Linda Smith
Summary: Experienced manager with expertise in project management and team leadership.
Skills: Python, Data Analysis, Communication, Problem Solving
",Linda,manager
resume_454.txt,"Name: Elizabeth Smith
Summary: Experienced nurse with expertise in project management and team leadership.
Skills: Python, Data Analysis, Communication, Problem Solving
",Elizabeth,nurse
resume_455.txt,"Name: Michael Garcia
Summary: Experienced manager with expertise in project management and team leadership.
Skills: Python, Data Analysis, Communication, Problem Solving
",Michael,manager
resume_456.txt,"Name: Robert Johnson
Summary: Experienced developer with expertise in project management and team leadership.
Skills: Python, Data Analysis, Communication, Problem Solving
",Robert,developer
resume_457.txt,"Name: Elizabeth Kumar
Summary: Experienced nurse with expertise in project management and team leadership.
Skills: Python, Data Analysis, Communication, Problem Solving
",Elizabeth,nurse
resume_458.txt,"Name: Michael Lee
Summary: Experienced scientist with expertise in project management and team leadership.
Skills: Python, Data Analysis, Communication, Problem Solving
",Michael,scientist
resume_459.txt,"Name: John Smith
Summary: Experienced developer with expertise in project management and team leadership.
Skills: Python, Data Analysis, Communication, Problem Solving
",John,developer
resume_460.txt,"Name: Mary Garcia
Summary: Experienced manager with expertise in project management and team leadership.
Skills: Python, Data Analysis, Communication, Problem Solving
",Mary,manager
resume_461.txt,"Name: Elizabeth Smith
Summary: Experienced manager with expertise in project management and team leadership.
Skills: Python, Data Analysis, Communication, Problem Solving
",Elizabeth,manager
resume_462.txt,"Name: David Garcia
Summary: Experienced developer with expertise in project management and team leadership.
Skills: Python, Data Analysis, Communication, Problem Solving
",David,developer
resume_463.txt,"Name: Robert Lee
Summary: Experienced developer with expertise in project management and team leadership.
Skills: Python, Data Analysis, Communication, Problem Solving
",Robert,developer
resume_464.txt,"Name: Linda Kumar
Summary: Experienced manager with expertise in project management and team leadership.
Skills: Python, Data Analysis, Communication, Problem Solving
",Linda,manager
resume_465.txt,"Name: Jennifer Smith
Summary: Experienced manager with expertise in project management and team leadership.
Skills: Python, Data Analysis, Communication, Problem Solving
",Jennifer,manager
resume_466.txt,"Name: Robert Garcia
Summary: Experienced scientist with expertise in project management and team leadership.
Skills: Python, Data Analysis, Communication, Problem Solving
",Robert,scientist
resume_467.txt,"Name: James Smith
Summary: Experienced engineer with expertise in project management and team leadership.
Skills: Python, Data Analysis, Communication, Problem Solving
",James,engineer
resume_468.txt,"Name: Jennifer Smith
Summary: Experienced nurse with expertise in project management and team leadership.
Skills: Python, Data Analysis, Communication, Problem Solving
",Jennifer,nurse
resume_469.txt,"Name: John Johnson
Summary: Experienced scientist with expertise in project management and team leadership.
Skills: Python, Data Analysis, Communication, Problem Solving
",John,scientist
resume_470.txt,"Name: John Kumar
Summary: Experienced engineer with expertise in project management and team leadership.
Skills: Python, Data Analysis, Communication, Problem Solving
",John,engineer
resume_471.txt,"Name: Linda Lee
Summary: Experienced nurse with expertise in project management and team leadership.
Skills: Python, Data Analysis, Communication, Problem Solving
",Linda,nurse
resume_472.txt,"Name: Jennifer Garcia
Summary: Experienced manager with expertise in project management and team leadership.
Skills: Python, Data Analysis, Communication, Problem Solving
",Jennifer,manager
resume_473.txt,"Name: Mary Garcia
Summary: Experienced manager with expertise in project management and team leadership.
Skills: Python, Data Analysis, Communication, Problem Solving
",Mary,manager
resume_474.txt,"Name: Michael Kumar
Summary: Experienced scientist with expertise in project management and team leadership.
Skills: Python, Data Analysis, Communication, Problem Solving
",Michael,scientist
resume_475.txt,"Name: Michael Kumar
Summary: Experienced scientist with expertise in project management and team leadership.
Skills: Python, Data Analysis, Communication, Problem Solving
",Michael,scientist
resume_476.txt,"Name: Mary Johnson
Summary: Experienced manager with expertise in project management and team leadership.
Skills: Python, Data Analysis, Communication, Problem Solving
",Mary,manager
resume_477.txt,"Name: Mary Kumar
Summary: Experienced manager with expertise in project management and team leadership.
Skills: Python, Data Analysis, Communication, Problem Solving
",Mary,manager
resume_478.txt,"Name: Mary Johnson
Summary: Experienced scientist with expertise in project management and team leadership.
Skills: Python, Data Analysis, Communication, Problem Solving
",Mary,scientist
resume_479.txt,"Name: Michael Smith
Summary: Experienced scientist with expertise in project management and team leadership.
Skills: Python, Data Analysis, Communication, Problem Solving
",Michael,scientist
resume_480.txt,"Name: Patricia Garcia
Summary: Experienced engineer with expertise in project management and team leadership.
Skills: Python, Data Analysis, Communication, Problem Solving
",Patricia,engineer
resume_481.txt,"Name: Robert Smith
Summary: Experienced scientist with expertise in project management and team leadership.
Skills: Python, Data Analysis, Communication, Problem Solving
",Robert,scientist
resume_482.txt,"Name: Robert Garcia
Summary: Experienced developer with expertise in project management and team leadership.
Skills: Python, Data Analysis, Communication, Problem Solving
",Robert,developer
resume_483.txt,"Name: James Lee
Summary: Experienced scientist with expertise in project management and team leadership.
Skills: Python, Data Analysis, Communication, Problem Solving
",James,scientist
resume_484.txt,"Name: Elizabeth Lee
Summary: Experienced nurse with expertise in project management and team leadership.
Skills: Python, Data Analysis, Communication, Problem Solving
",Elizabeth,nurse
resume_485.txt,"Name: James Lee
Summary: Experienced engineer with expertise in project management and team leadership.
Skills: Python, Data Analysis, Communication, Problem Solving
",James,engineer
resume_486.txt,"Name: David Kumar
Summary: Experienced developer with expertise in project management and team leadership.
Skills: Python, Data Analysis, Communication, Problem Solving
",David,developer
resume_487.txt,"Name: Robert Kumar
Summary: Experienced developer with expertise in project management and team leadership.
Skills: Python, Data Analysis, Communication, Problem Solving
",Robert,developer
resume_488.txt,"Name: Michael Smith
Summary: Experienced engineer with expertise in project management and team leadership.
Skills: Python, Data Analysis, Communication, Problem Solving
",Michael,engineer
resume_489.txt,"Name: Patricia Kumar
Summary: Experienced nurse with expertise in project management and team leadership.
Skills: Python, Data Analysis, Communication, Problem Solving
",Patricia,nurse
resume_490.txt,"Name: David Lee
Summary: Experienced scientist with expertise in project management and team leadership.
Skills: Python, Data Analysis, Communication, Problem Solving
",David,scientist
resume_491.txt,"Name: Robert Garcia
Summary: Experienced manager with expertise in project management and team leadership.
Skills: Python, Data Analysis, Communication, Problem Solving
",Robert,manager
resume_492.txt,"Name: Mary Kumar
Summary: Experienced nurse with expertise in project management and team leadership.
Skills: Python, Data Analysis, Communication, Problem Solving
",Mary,nurse
resume_493.txt,"Name: Linda Johnson
Summary: Experienced manager with expertise in project management and team leadership.
Skills: Python, Data Analysis, Communication, Problem Solving
",Linda,manager
resume_494.txt,"Name: Jennifer Smith
Summary: Experienced manager with expertise in project management and team leadership.
Skills: Python, Data Analysis, Communication, Problem Solving
",Jennifer,manager
resume_495.txt,"Name: Patricia Garcia
Summary: Experienced nurse with expertise in project management and team leadership.
Skills: Python, Data Analysis, Communication, Problem Solving
",Patricia,nurse
resume_496.txt,"Name: Patricia Garcia
Summary: Experienced nurse with expertise in project management and team leadership.
Skills: Python, Data Analysis, Communication, Problem Solving
",Patricia,nurse
resume_497.txt,"Name: James Garcia
Summary: Experienced engineer with expertise in project management and team leadership.
Skills: Python, Data Analysis, Communication, Problem Solving
",James,engineer
resume_498.txt,"Name: Linda Garcia
Summary: Experienced nurse with expertise in project management and team leadership.
Skills: Python, Data Analysis, Communication, Problem Solving
",Linda,nurse
resume_499.txt,"Name: Patricia Kumar
Summary: Experienced manager with expertise in project management and team leadership.
Skills: Python, Data Analysis, Communication, Problem Solving
",Patricia,manager
resume_500.txt,"Name: James Garcia
Summary: Experienced developer with expertise in project management and team leadership.
Skills: Python, Data Analysis, Communication, Problem Solving
",James,developer
resume_501.txt,"Name: Michael Johnson
Summary: Experienced engineer with expertise in project management and team leadership.
Skills: Python, Data Analysis, Communication, Problem Solving
",Michael,engineer
resume_502.txt,"Name: Linda Johnson
Summary: Experienced manager with expertise in project management and team leadership.
Skills: Python, Data Analysis, Communication, Problem Solving
",Linda,manager
resume_503.txt,"Name: David Smith
Summary: Experienced developer with expertise in project management and team leadership.
Skills: Python, Data Analysis, Communication, Problem Solving
",David,developer
resume_504.txt,"Name: John Lee
Summary: Experienced scientist with expertise in project management and team leadership.
Skills: Python, Data Analysis, Communication, Problem Solving
",John,scientist
resume_505.txt,"Name: David Smith
Summary: Experienced scientist with expertise in project management and team leadership.
Skills: Python, Data Analysis, Communication, Problem Solving
",David,scientist
resume_506.txt,"Name: Robert Garcia
Summary: Experienced developer with expertise in project management and team leadership.
Skills: Python, Data Analysis, Communication, Problem Solving
",Robert,developer
resume_507.txt,"Name: Patricia Johnson
Summary: Experienced manager with expertise in project management and team leadership.
Skills: Python, Data Analysis, Communication, Problem Solving
",Patricia,manager
resume_508.txt,"Name: James Johnson
Summary: Experienced developer with expertise in project management and team leadership.
Skills: Python, Data Analysis, Communication, Problem Solving
",James,developer
resume_509.txt,"Name: James Kumar
Summary: Experienced engineer with expertise in project management and team leadership.
Skills: Python, Data Analysis, Communication, Problem Solving
",James,engineer
resume_510.txt,"Name: Robert Lee
Summary: Experienced engineer with expertise in project management and team leadership.
Skills: Python, Data Analysis, Communication, Problem Solving
",Robert,engineer
resume_511.txt,"Name: John Johnson
Summary: Experienced manager with expertise in project management and team leadership.
Skills: Python, Data Analysis, Communication, Problem Solving
",John,manager
resume_512.txt,"Name: Jennifer Kumar
Summary: Experienced manager with expertise in project management and team leadership.
Skills: Python, Data Analysis, Communication, Problem Solving
",Jennifer,manager
resume_513.txt,"Name: Linda Smith
Summary: Experienced manager with expertise in project management and team leadership.
Skills: Python, Data Analysis, Communication, Problem Solving
",Linda,manager
resume_514.txt,"Name: John Garcia
Summary: Experienced engineer with expertise in project management and team leadership.
Skills: Python, Data Analysis, Communication, Problem Solving
",John,engineer
resume_515.txt,"Name: Michael Lee
Summary: Experienced engineer with expertise in project management and team leadership.
Skills: Python, Data Analysis, Communication, Problem Solving
",Michael,engineer
resume_516.txt,"Name: John Johnson
Summary: Experienced developer with expertise in project management and team leadership.
Skills: Python, Data Analysis, Communication, Problem Solving
",John,developer
resume_517.txt,"Name: Robert Smith
Summary: Experienced developer with expertise in project management and team leadership.
Skills: Python, Data Analysis, Communication, Problem Solving
",Robert,developer
resume_518.txt,"Name: Jennifer Kumar
Summary: Experienced nurse with expertise in project management and team leadership.
Skills: Python, Data Analysis, Communication, Problem Solving
",Jennifer,nurse
resume_519.txt,"Name: Elizabeth Lee
Summary: Experienced manager with expertise in project management and team leadership.
Skills: Python, Data Analysis, Communication, Problem Solving
",Elizabeth,manager
resume_520.txt,"Name: Robert Smith
Summary: Experienced engineer with expertise in project management and team leadership.
Skills: Python, Data Analysis, Communication, Problem Solving
",Robert,engineer
resume_521.txt,"Name: Mary Lee
Summary: Experienced manager with expertise in project management and team leadership.
Skills: Python, Data Analysis, Communication, Problem Solving
",Mary,manager
resume_522.txt,"Name: Michael Kumar
Summary: Experienced developer with expertise in project management and team leadership.
Skills: Python, Data Analysis, Communication, Problem Solving
",Michael,developer
resume_523.txt,"Name: James Smith
Summary: Experienced scientist with expertise in project management and team leadership.
Skills: Python, Data Analysis, Communication, Problem Solving
",James,scientist
resume_524.txt,"Name: Jennifer Lee
Summary: Experienced manager with expertise in project management and team leadership.
Skills: Python, Data Analysis, Communication, Problem Solving
",Jennifer,manager
resume_525.txt,"Name: Elizabeth Smith
Summary: Experienced manager with expertise in project management and team leadership.
Skills: Python, Data Analysis, Communication, Problem Solving
",Elizabeth,manager
resume_526.txt,"Name: David Lee
Summary: Experienced developer with expertise in project management and team leadership.
Skills: Python, Data Analysis, Communication, Problem Solving
",David,developer
resume_527.txt,"Name: John Kumar
Summary: Experienced nurse with expertise in project management and team leadership.
Skills: Python, Data Analysis, Communication, Problem Solving
",John,nurse
resume_528.txt,"Name: David Johnson
Summary: Experienced developer with expertise in project management and team leadership.
Skills: Python, Data Analysis, Communication, Problem Solving
",David,developer
resume_529.txt,"Name: Michael Johnson
Summary: Experienced scientist with expertise in project management and team leadership.
Skills: Python, Data Analysis, Communication, Problem Solving
",Michael,scientist
resume_530.txt,"Name: Elizabeth Kumar
Summary: Experienced manager with expertise in project management and team leadership.
Skills: Python, Data Analysis, Communication, Problem Solving
",Elizabeth,manager
resume_531.txt,"Name: John Lee
Summary: Experienced scientist with expertise in project management and team leadership.
Skills: Python, Data Analysis, Communication, Problem Solving
",John,scientist
resume_532.txt,"Name: John Johnson
Summary: Experienced engineer with expertise in project management and team leadership.
Skills: Python, Data Analysis, Communication, Problem Solving
",John,engineer
resume_533.txt,"Name: Elizabeth Garcia
Summary: Experienced manager with expertise in project management and team leadership.
Skills: Python, Data Analysis, Communication, Problem Solving
",Elizabeth,manager
resume_534.txt,"Name: Patricia Kumar
Summary: Experienced nurse with expertise in project management and team leadership.
Skills: Python, Data Analysis, Communication, Problem Solving
",Patricia,nurse
resume_535.txt,"Name: John Lee
Summary: Experienced manager with expertise in project management and team leadership.
Skills: Python, Data Analysis, Communication, Problem Solving
",John,manager
resume_536.txt,"Name: John Smith
Summary: Experienced scientist with expertise in project management and team leadership.
Skills: Python, Data Analysis, Communication, Problem Solving
",John,scientist
resume_537.txt,"Name: Elizabeth Johnson
Summary: Experienced manager with expertise in project management and team leadership.
Skills: Python, Data Analysis, Communication, Problem Solving
",Elizabeth,manager
resume_538.txt,"Name: Patricia Smith
Summary: Experienced manager with expertise in project management and team leadership.
Skills: Python, Data Analysis, Communication, Problem Solving
",Patricia,manager
resume_539.txt,"Name: Linda Johnson
Summary: Experienced manager with expertise in project management and team leadership.
Skills: Python, Data Analysis, Communication, Problem Solving
",Linda,manager
resume_540.txt,"Name: Robert Kumar
Summary: Experienced developer with expertise in project management and team leadership.
Skills: Python, Data Analysis, Communication, Problem Solving
",Robert,developer
resume_541.txt,"Name: David Johnson
Summary: Experienced scientist with expertise in project management and team leadership.
Skills: Python, Data Analysis, Communication, Problem Solving
",David,scientist
resume_542.txt,"Name: James Kumar
Summary: Experienced engineer with expertise in project management and team leadership.
Skills: Python, Data Analysis, Communication, Problem Solving
",James,engineer
resume_543.txt,"Name: James Johnson
Summary: Experienced engineer with expertise in project management and team leadership.
Skills: Python, Data Analysis, Communication, Problem Solving
",James,engineer
resume_544.txt,"Name: Michael Smith
Summary: Experienced scientist with expertise in project management and team leadership.
Skills: Python, Data Analysis, Communication, Problem Solving
",Michael,scientist
resume_545.txt,"Name: Patricia Smith
Summary: Experienced nurse with expertise in project management and team leadership.
Skills: Python, Data Analysis, Communication, Problem Solving
",Patricia,nurse
resume_546.txt,"Name: James Kumar
Summary: Experienced scientist with expertise in project management and team leadership.
Skills: Python, Data Analysis, Communication, Problem Solving
",James,scientist
resume_547.txt,"Name: John Kumar
Summary: Experienced scientist with expertise in project management and team leadership.
Skills: Python, Data Analysis, Communication, Problem Solving
",John,scientist
resume_548.txt,"Name: John Lee
Summary: Experienced developer with expertise in project management and team leadership.
Skills: Python, Data Analysis, Communication, Problem Solving
",John,developer
resume_549.txt,"Name: Jennifer Smith
Summary: Experienced manager with expertise in project management and team leadership.
Skills: Python, Data Analysis, Communication, Problem Solving
",Jennifer,manager
resume_550.txt,"Name: Linda Johnson
Summary: Experienced developer with expertise in project management and team leadership.
Skills: Python, Data Analysis, Communication, Problem Solving
",Linda,developer
resume_551.txt,"Name: Mary Johnson
Summary: Experienced manager with expertise in project management and team leadership.
Skills: Python, Data Analysis, Communication, Problem Solving
",Mary,manager
resume_552.txt,"Name: Mary Lee
Summary: Experienced manager with expertise in project management and team leadership.
Skills: Python, Data Analysis, Communication, Problem Solving
",Mary,manager
resume_553.txt,"Name: Mary Smith
Summary: Experienced manager with expertise in project management and team leadership.
Skills: Python, Data Analysis, Communication, Problem Solving
",Mary,manager
resume_554.txt,"Name: James Lee
Summary: Experienced nurse with expertise in project management and team leadership.
Skills: Python, Data Analysis, Communication, Problem Solving
",James,nurse
resume_555.txt,"Name: Robert Lee
Summary: Experienced scientist with expertise in project management and team leadership.
Skills: Python, Data Analysis, Communication, Problem Solving
",Robert,scientist
resume_556.txt,"Name: Mary Smith
Summary: Experienced manager with expertise in project management and team leadership.
Skills: Python, Data Analysis, Communication, Problem Solving
",Mary,manager
resume_557.txt,"Name: Mary Johnson
Summary: Experienced nurse with expertise in project management and team leadership.
Skills: Python, Data Analysis, Communication, Problem Solving
",Mary,nurse
resume_558.txt,"Name: Michael Lee
Summary: Experienced developer with expertise in project management and team leadership.
Skills: Python, Data Analysis, Communication, Problem Solving
",Michael,developer
resume_559.txt,"Name: John Smith
Summary: Experienced engineer with expertise in project management and team leadership.
Skills: Python, Data Analysis, Communication, Problem Solving
",John,engineer
resume_560.txt,"Name: Patricia Lee
Summary: Experienced nurse with expertise in project management and team leadership.
Skills: Python, Data Analysis, Communication, Problem Solving
",Patricia,nurse
resume_561.txt,"Name: Mary Smith
Summary: Experienced nurse with expertise in project management and team leadership.
Skills: Python, Data Analysis, Communication, Problem Solving
",Mary,nurse
resume_562.txt,"Name: Patricia Johnson
Summary: Experienced manager with expertise in project management and team leadership.
Skills: Python, Data Analysis, Communication, Problem Solving
",Patricia,manager
resume_563.txt,"Name: James Kumar
Summary: Experienced scientist with expertise in project management and team leadership.
Skills: Python, Data Analysis, Communication, Problem Solving
",James,scientist
resume_564.txt,"Name: Jennifer Johnson
Summary: Experienced developer with expertise in project management and team leadership.
Skills: Python, Data Analysis, Communication, Problem Solving
",Jennifer,developer
resume_565.txt,"Name: James Lee
Summary: Experienced engineer with expertise in project management and team leadership.
Skills: Python, Data Analysis, Communication, Problem Solving
",James,engineer
resume_566.txt,"Name: Elizabeth Johnson
Summary: Experienced manager with expertise in project management and team leadership.
Skills: Python, Data Analysis, Communication, Problem Solving
",Elizabeth,manager
resume_567.txt,"Name: Michael Lee
Summary: Experienced developer with expertise in project management and team leadership.
Skills: Python, Data Analysis, Communication, Problem Solving
",Michael,developer
resume_568.txt,"Name: Elizabeth Lee
Summary: Experienced manager with expertise in project management and team leadership.
Skills: Python, Data Analysis, Communication, Problem Solving
",Elizabeth,manager
resume_569.txt,"Name: James Johnson
Summary: Experienced developer with expertise in project management and team leadership.
Skills: Python, Data Analysis, Communication, Problem Solving
",James,developer
resume_570.txt,"Name: John Smith
Summary: Experienced scientist with expertise in project management and team leadership.
Skills: Python, Data Analysis, Communication, Problem Solving
",John,scientist
resume_571.txt,"Name: David Garcia
Summary: Experienced developer with expertise in project management and team leadership.
Skills: Python, Data Analysis, Communication, Problem Solving
",David,developer
resume_572.txt,"Name: Mary Kumar
Summary: Experienced nurse with expertise in project management and team leadership.
Skills: Python, Data Analysis, Communication, Problem Solving
",Mary,nurse
resume_573.txt,"Name: Robert Johnson
Summary: Experienced scientist with expertise in project management and team leadership.
Skills: Python, Data Analysis, Communication, Problem Solving
",Robert,scientist
resume_574.txt,"Name: John Kumar
Summary: Experienced engineer with expertise in project management and team leadership.
Skills: Python, Data Analysis, Communication, Problem Solving
",John,engineer
resume_575.txt,"Name: John Smith
Summary: Experienced developer with expertise in project management and team leadership.
Skills: Python, Data Analysis, Communication, Problem Solving
",John,developer
resume_576.txt,"Name: John Garcia
Summary: Experienced scientist with expertise in project management and team leadership.
Skills: Python, Data Analysis, Communication, Problem Solving
",John,scientist
resume_577.txt,"Name: Mary Lee
Summary: Experienced nurse with expertise in project management and team leadership.
Skills: Python, Data Analysis, Communication, Problem Solving
",Mary,nurse
resume_578.txt,"Name: Elizabeth Johnson
Summary: Experienced scientist with expertise in project management and team leadership.
Skills: Python, Data Analysis, Communication, Problem Solving
",Elizabeth,scientist
resume_579.txt,"Name: Patricia Garcia
Summary: Experienced manager with expertise in project management and team leadership.
Skills: Python, Data Analysis, Communication, Problem Solving
",Patricia,manager
resume_580.txt,"Name: John Johnson
Summary: Experienced engineer with expertise in project management and team leadership.
Skills: Python, Data Analysis, Communication, Problem Solving
",John,engineer
resume_581.txt,"Name: Patricia Garcia
Summary: Experienced nurse with expertise in project management and team leadership.
Skills: Python, Data Analysis, Communication, Problem Solving
",Patricia,nurse
resume_582.txt,"Name: Michael Garcia
Summary: Experienced scientist with expertise in project management and team leadership.
Skills: Python, Data Analysis, Communication, Problem Solving
",Michael,scientist
resume_583.txt,"Name: Mary Garcia
Summary: Experienced manager with expertise in project management and team leadership.
Skills: Python, Data Analysis, Communication, Problem Solving
",Mary,manager
resume_584.txt,"Name: James Garcia
Summary: Experienced developer with expertise in project management and team leadership.
Skills: Python, Data Analysis, Communication, Problem Solving
",James,developer
resume_585.txt,"Name: Mary Garcia
Summary: Experienced manager with expertise in project management and team leadership.
Skills: Python, Data Analysis, Communication, Problem Solving
",Mary,manager
resume_586.txt,"Name: Michael Garcia
Summary: Experienced developer with expertise in project management and team leadership.
Skills: Python, Data Analysis, Communication, Problem Solving
",Michael,developer
resume_587.txt,"Name: Patricia Kumar
Summary: Experienced developer with expertise in project management and team leadership.
Skills: Python, Data Analysis, Communication, Problem Solving
",Patricia,developer
resume_588.txt,"Name: Robert Johnson
Summary: Experienced developer with expertise in project management and team leadership.
Skills: Python, Data Analysis, Communication, Problem Solving
",Robert,developer
resume_589.txt,"Name: John Lee
Summary: Experienced engineer with expertise in project management and team leadership.
Skills: Python, Data Analysis, Communication, Problem Solving
",John,engineer
resume_590.txt,"Name: Elizabeth Lee
Summary: Experienced engineer with expertise in project management and team leadership.
Skills: Python, Data Analysis, Communication, Problem Solving
",Elizabeth,engineer
resume_591.txt,"Name: Elizabeth Kumar
Summary: Experienced scientist with expertise in project management and team leadership.
Skills: Python, Data Analysis, Communication, Problem Solving
",Elizabeth,scientist
resume_592.txt,"Name: James Lee
Summary: Experienced developer with expertise in project management and team leadership.
Skills: Python, Data Analysis, Communication, Problem Solving
",James,developer
resume_593.txt,"Name: Michael Johnson
Summary: Experienced developer with expertise in project management and team leadership.
Skills: Python, Data Analysis, Communication, Problem Solving
",Michael,developer
resume_594.txt,"Name: David Smith
Summary: Experienced scientist with expertise in project management and team leadership.
Skills: Python, Data Analysis, Communication, Problem Solving
",David,scientist
resume_595.txt,"Name: Michael Lee
Summary: Experienced scientist with expertise in project management and team leadership.
Skills: Python, Data Analysis, Communication, Problem Solving
",Michael,scientist
resume_596.txt,"Name: Michael Kumar
Summary: Experienced engineer with expertise in project management and team leadership.
Skills: Python, Data Analysis, Communication, Problem Solving
",Michael,engineer
resume_597.txt,"Name: James Garcia
Summary: Experienced developer with expertise in project management and team leadership.
Skills: Python, Data Analysis, Communication, Problem Solving
",James,developer
resume_598.txt,"Name: Jennifer Lee
Summary: Experienced nurse with expertise in project management and team leadership.
Skills: Python, Data Analysis, Communication, Problem Solving
",Jennifer,nurse
resume_599.txt,"Name: Robert Lee
Summary: Experienced developer with expertise in project management and team leadership.
Skills: Python, Data Analysis, Communication, Problem Solving
",Robert,developer
